id,label,CoSize
1,C,small
2,C,small
3,C,small
4,C,small
5,C,small
6,C,small
7,C,small
8,C,small
9,C,small
10,C,small
11,C,small
12,C,small
13,C,small
14,C,small
15,C,small
16,C,small
17,C,small
18,C,small
19,C,small
20,C,med
21,C,med
22,C,small
23,C,small
24,C,small
25,C,small
26,C,small
27,C,small
28,C,med
29,C,small
30,C,small
31,C,large
32,C,small
33,C,small
34,C,med
35,C,small
36,C,small
37,C,med
38,C,small
39,C,med
40,C,small
41,C,small
42,C,med
43,C,small
44,C,med
45,C,large
46,C,small
47,C,small
48,C,small
49,C,large
50,C,small
51,T,NA
52,T,NA
53,T,NA
54,T,NA
55,T,NA
56,T,NA
57,T,NA
58,T,NA
59,T,NA
60,T,NA
61,T,NA
62,T,NA
63,T,NA
64,T,NA
65,T,NA
66,T,NA
67,T,NA
68,T,NA
69,T,NA
70,T,NA
71,T,NA
72,T,NA
73,T,NA
74,T,NA
75,T,NA
76,T,NA
77,T,NA
78,T,NA
79,T,NA
80,T,NA
81,T,NA
82,T,NA
83,T,NA
84,T,NA
85,T,NA
86,T,NA
87,T,NA
88,T,NA
89,T,NA
90,T,NA
91,T,NA
92,T,NA
93,T,NA
94,T,NA
95,T,NA
96,T,NA
97,T,NA
98,T,NA
99,T,NA
100,T,NA
101,T,NA
102,T,NA
103,T,NA
104,T,NA
105,T,NA
106,T,NA
107,T,NA
108,T,NA
109,T,NA
110,T,NA
111,T,NA
112,T,NA
113,T,NA
114,T,NA
115,T,NA
116,T,NA
117,T,NA
118,T,NA
119,T,NA
120,T,NA
121,T,NA
122,T,NA
123,T,NA
124,T,NA
125,T,NA
126,T,NA
127,T,NA
128,T,NA
129,T,NA
130,T,NA
131,T,NA
132,T,NA
133,T,NA
134,T,NA
135,T,NA
136,T,NA
137,T,NA
138,T,NA
139,T,NA
140,T,NA
141,T,NA
142,T,NA
143,T,NA
144,T,NA
145,T,NA
146,T,NA
147,T,NA
148,T,NA
149,T,NA
150,T,NA
151,T,NA
152,T,NA
153,T,NA
154,T,NA
155,T,NA
156,T,NA
157,T,NA
158,T,NA
159,T,NA
160,T,NA
161,T,NA
162,T,NA
163,T,NA
164,T,NA
165,T,NA
166,T,NA
167,T,NA
168,T,NA
169,T,NA
170,T,NA
171,T,NA
172,T,NA
173,T,NA
174,T,NA
175,T,NA
176,T,NA
177,T,NA
178,T,NA
179,T,NA
180,T,NA
181,T,NA
182,T,NA
183,T,NA
184,T,NA
185,T,NA
186,T,NA
187,T,NA
188,T,NA
189,T,NA
190,T,NA
191,T,NA
192,T,NA
193,T,NA
194,T,NA
195,T,NA
196,T,NA
197,T,NA
198,T,NA
199,T,NA
200,T,NA
201,T,NA
202,T,NA
203,T,NA
204,T,NA
205,T,NA
206,T,NA
207,T,NA
208,T,NA
209,T,NA
210,T,NA
211,T,NA
212,T,NA
213,T,NA
214,T,NA
215,T,NA
216,T,NA
217,T,NA
218,T,NA
219,T,NA
220,T,NA
221,T,NA
222,T,NA
223,T,NA
224,T,NA
225,T,NA
226,T,NA
227,T,NA
228,T,NA
229,T,NA
230,T,NA
231,T,NA
232,T,NA
233,T,NA
234,T,NA
235,T,NA
236,T,NA
237,T,NA
238,T,NA
239,T,NA
240,T,NA
241,T,NA
242,T,NA
243,T,NA
244,T,NA
245,T,NA
246,T,NA
247,T,NA
248,T,NA
249,T,NA
250,T,NA
251,D,NA
252,D,NA
253,D,NA
254,D,NA
255,D,NA
256,D,NA
257,D,NA
258,D,NA
259,D,NA
260,D,NA
261,D,NA
262,D,NA
263,D,NA
264,D,NA
265,D,NA
266,D,NA
267,D,NA
268,D,NA
269,D,NA
270,D,NA
271,D,NA
272,D,NA
273,D,NA
274,D,NA
275,D,NA
276,D,NA
277,D,NA
278,D,NA
279,D,NA
280,D,NA
281,D,NA
282,D,NA
283,D,NA
284,D,NA
285,D,NA
286,D,NA
287,D,NA
288,D,NA
289,D,NA
290,D,NA
291,D,NA
292,D,NA
293,D,NA
294,D,NA
295,D,NA
296,D,NA
297,D,NA
298,D,NA
299,D,NA
300,D,NA
301,D,NA
302,D,NA
303,D,NA
304,D,NA
305,D,NA
306,D,NA
307,D,NA
308,D,NA
309,D,NA
310,D,NA
311,D,NA
312,D,NA
313,D,NA
314,D,NA
315,D,NA
316,D,NA
317,D,NA
318,D,NA
319,D,NA
320,D,NA
321,D,NA
322,D,NA
323,D,NA
324,D,NA
325,D,NA
326,D,NA
327,D,NA
328,D,NA
329,D,NA
330,D,NA
331,D,NA
332,D,NA
333,D,NA
334,D,NA
335,D,NA
336,D,NA
337,D,NA
338,D,NA
339,D,NA
340,D,NA
341,D,NA
342,D,NA
343,D,NA
344,D,NA
345,D,NA
346,D,NA
347,D,NA
348,D,NA
349,D,NA
350,D,NA
351,D,NA
352,D,NA
353,D,NA
354,D,NA
355,D,NA
356,D,NA
357,D,NA
358,D,NA
359,D,NA
360,D,NA
361,D,NA
362,D,NA
363,D,NA
364,D,NA
365,D,NA
366,D,NA
367,D,NA
368,D,NA
369,D,NA
370,D,NA
371,D,NA
372,D,NA
373,D,NA
374,D,NA
375,D,NA
376,D,NA
377,D,NA
378,D,NA
379,D,NA
380,D,NA
381,D,NA
382,D,NA
383,D,NA
384,D,NA
385,D,NA
386,D,NA
387,D,NA
388,D,NA
389,D,NA
390,D,NA
391,D,NA
392,D,NA
393,D,NA
394,D,NA
395,D,NA
396,D,NA
397,D,NA
398,D,NA
399,D,NA
400,D,NA
401,D,NA
402,D,NA
403,D,NA
404,D,NA
405,D,NA
406,D,NA
407,D,NA
408,D,NA
409,D,NA
410,D,NA
411,D,NA
412,D,NA
413,D,NA
414,D,NA
415,D,NA
416,D,NA
417,D,NA
418,D,NA
419,D,NA
420,D,NA
421,D,NA
422,D,NA
423,D,NA
424,D,NA
425,D,NA
426,D,NA
427,D,NA
428,D,NA
429,D,NA
430,D,NA
431,D,NA
432,D,NA
433,D,NA
434,D,NA
435,D,NA
436,D,NA
437,D,NA
438,D,NA
439,D,NA
440,D,NA
441,D,NA
442,D,NA
443,D,NA
444,D,NA
445,D,NA
446,D,NA
447,D,NA
448,D,NA
449,D,NA
450,D,NA
451,D,NA
452,D,NA
453,D,NA
454,D,NA
455,D,NA
456,D,NA
457,D,NA
458,D,NA
459,D,NA
460,D,NA
461,D,NA
462,D,NA
463,D,NA
464,D,NA
465,D,NA
466,D,NA
467,D,NA
468,D,NA
469,D,NA
470,D,NA
471,D,NA
472,D,NA
473,D,NA
474,D,NA
475,D,NA
476,D,NA
477,D,NA
478,D,NA
479,D,NA
480,D,NA
481,D,NA
482,D,NA
483,D,NA
484,D,NA
485,D,NA
486,D,NA
487,D,NA
488,D,NA
489,D,NA
490,D,NA
491,D,NA
492,D,NA
493,D,NA
494,D,NA
495,D,NA
496,D,NA
497,D,NA
498,D,NA
499,D,NA
500,D,NA
501,L,NA
502,L,NA
503,L,NA
504,L,NA
505,T,NA
506,T,NA
507,T,NA
508,T,NA
509,T,NA
510,T,NA
511,T,NA
512,T,NA
513,T,NA
514,T,NA
515,T,NA
516,T,NA
517,T,NA
518,T,NA
519,T,NA
520,T,NA
521,T,NA
522,T,NA
523,T,NA
524,T,NA
525,LC,NA
526,LC,NA
527,LC,NA
528,LC,NA
529,LC,NA
530,LC,NA
531,LC,NA
532,LC,NA
533,LC,NA
534,LC,NA
535,LC,NA
536,LC,NA
537,LC,NA
538,LC,NA
539,LC,NA
540,LC,NA
541,LC,NA
542,LC,NA
543,LC,NA
544,LC,NA
545,H,NA
546,H,NA
547,H,NA
548,H,NA
549,H,NA
550,H,NA
551,H,NA
552,H,NA
553,H,NA
554,H,NA
555,H,NA
556,H,NA
557,H,NA
558,H,NA
559,H,NA
560,H,NA
561,H,NA
562,H,NA
563,H,NA
564,H,NA
565,H,NA
566,H,NA
567,H,NA
568,H,NA
569,H,NA
570,H,NA
571,H,NA
572,H,NA
573,H,NA
574,H,NA
575,H,NA
576,H,NA
577,H,NA
578,H,NA
579,H,NA
580,H,NA
581,H,NA
582,H,NA
583,H,NA
584,H,NA
585,H,NA
586,H,NA
587,H,NA
588,H,NA
589,H,NA
590,H,NA
591,H,NA
592,H,NA
593,H,NA
594,H,NA
595,H,NA
596,H,NA
597,H,NA
598,H,NA
599,H,NA
600,H,NA
601,H,NA
602,H,NA
603,H,NA
604,H,NA
605,H,NA
606,H,NA
607,H,NA
608,H,NA
609,H,NA
610,H,NA
611,H,NA
612,H,NA
613,H,NA
614,H,NA
615,H,NA
616,H,NA
617,H,NA
618,H,NA
619,H,NA
620,H,NA
621,H,NA
622,H,NA
623,H,NA
624,H,NA
625,H,NA
626,H,NA
627,H,NA
628,H,NA
629,H,NA
630,H,NA
631,H,NA
632,H,NA
633,H,NA
634,H,NA
635,H,NA
636,H,NA
637,H,NA
638,H,NA
639,H,NA
640,H,NA
641,H,NA
642,H,NA
643,H,NA
644,H,NA
645,H,NA
646,H,NA
647,H,NA
648,H,NA
649,H,NA
650,H,NA
651,H,NA
652,H,NA
653,H,NA
654,H,NA
655,H,NA
656,H,NA
657,H,NA
658,H,NA
659,H,NA
660,H,NA
661,H,NA
662,H,NA
663,H,NA
664,H,NA
665,H,NA
666,H,NA
667,H,NA
668,H,NA
669,H,NA
670,H,NA
671,H,NA
672,H,NA
673,H,NA
674,H,NA
675,H,NA
676,H,NA
677,H,NA
678,H,NA
679,H,NA
680,H,NA
681,H,NA
682,H,NA
683,H,NA
684,H,NA
685,H,NA
686,H,NA
687,H,NA
688,H,NA
689,H,NA
690,H,NA
691,H,NA
692,H,NA
693,H,NA
694,H,NA
695,H,NA
696,H,NA
697,H,NA
698,H,NA
699,H,NA
700,H,NA
701,H,NA
702,H,NA
703,H,NA
704,H,NA
705,H,NA
706,H,NA
707,H,NA
708,H,NA
709,H,NA
710,H,NA
711,H,NA
712,H,NA
713,H,NA
714,H,NA
715,H,NA
716,H,NA
717,H,NA
718,H,NA
719,H,NA
720,H,NA
721,H,NA
722,H,NA
723,H,NA
724,H,NA
725,H,NA
726,H,NA
727,H,NA
728,H,NA
729,H,NA
730,H,NA
731,H,NA
732,H,NA
733,H,NA
734,H,NA
735,H,NA
736,H,NA
737,H,NA
738,H,NA
739,H,NA
740,H,NA
741,H,NA
742,H,NA
743,H,NA
744,H,NA
745,TSL,NA
746,TSL,NA
747,TSL,NA
748,TSL,NA
749,TSL,NA
750,TSL,NA
751,TSL,NA
752,TSL,NA
753,TSL,NA
754,TSL,NA
755,TSL,NA
756,TSL,NA
757,TSL,NA
758,TSL,NA
759,TSL,NA
760,TSL,NA
761,TSL,NA
762,TSL,NA
763,TSL,NA
764,TSL,NA
765,TSL,NA
766,TSL,NA
767,TSL,NA
768,TSL,NA
769,TSL,NA
770,TSL,NA
771,TSL,NA
772,TSL,NA
773,TSL,NA
774,TSL,NA
775,TSL,NA
776,TSL,NA
777,TSL,NA
778,TSL,NA
779,TSL,NA
780,TSL,NA
781,TSL,NA
782,TSL,NA
783,TSL,NA
784,TSL,NA
785,TSL,NA
786,TSL,NA
787,TSL,NA
788,TSL,NA
789,TSL,NA
790,TSL,NA
791,TSL,NA
792,TSL,NA
793,TSL,NA
794,TSL,NA
795,TSL,NA
796,TSL,NA
797,TSL,NA
798,TSL,NA
799,TSL,NA
800,TSL,NA
801,TSL,NA
802,TSL,NA
803,TSL,NA
804,TSL,NA
805,TSL,NA
806,TSL,NA
807,TSL,NA
808,TSL,NA
809,TSL,NA
810,TSL,NA
811,TSL,NA
812,TSL,NA
813,TSL,NA
814,TSL,NA
815,TSL,NA
816,TSL,NA
817,TSL,NA
818,TSL,NA
819,TSL,NA
820,TSL,NA
821,TSL,NA
822,TSL,NA
823,TSL,NA
824,TSL,NA
825,TSL,NA
826,TSL,NA
827,TSL,NA
828,TSL,NA
829,TSL,NA
830,TSL,NA
831,TSL,NA
832,TSL,NA
833,TSL,NA
834,TSL,NA
835,TSL,NA
836,TSL,NA
837,TSL,NA
838,TSL,NA
839,TSL,NA
840,TSL,NA
841,TSL,NA
842,TSL,NA
843,TSL,NA
844,TSL,NA
845,TSL,NA
846,TSL,NA
847,TSL,NA
848,TSL,NA
849,TSL,NA
850,TSL,NA
851,TSL,NA
852,TSL,NA
853,TSL,NA
854,TSL,NA
855,TSL,NA
856,TSL,NA
857,TSL,NA
858,TSL,NA
859,TSL,NA
860,TSL,NA
861,TSL,NA
862,TSL,NA
863,TSL,NA
864,TSL,NA
865,TSL,NA
866,TSL,NA
867,TSL,NA
868,TSL,NA
869,TSL,NA
870,TSL,NA
871,TSL,NA
872,TSL,NA
873,TSL,NA
874,TSL,NA
875,TSL,NA
876,TSL,NA
877,TSL,NA
878,TSL,NA
879,TSL,NA
880,TSL,NA
881,TSL,NA
882,TSL,NA
883,TSL,NA
884,TSL,NA
885,TSL,NA
886,TSL,NA
887,TSL,NA
888,TSL,NA
889,TSL,NA
890,TSL,NA
891,TSL,NA
892,TSL,NA
893,TSL,NA
894,TSL,NA
895,TSL,NA
896,TSL,NA
897,TSL,NA
898,TSL,NA
899,TSL,NA
900,TSL,NA
901,TSL,NA
902,TSL,NA
903,TSL,NA
904,TSL,NA
905,TSL,NA
906,TSL,NA
907,TSL,NA
908,TSL,NA
909,TSL,NA
910,TSL,NA
911,TSL,NA
912,TSL,NA
913,TSL,NA
914,TSL,NA
915,TSL,NA
916,TSL,NA
917,TSL,NA
918,TSL,NA
919,TSL,NA
920,TSL,NA
921,TSL,NA
922,TSL,NA
923,TSL,NA
924,TSL,NA
925,TSL,NA
926,TSL,NA
927,TSL,NA
928,TSL,NA
929,TSL,NA
930,TSL,NA
931,TSL,NA
932,TSL,NA
933,TSL,NA
934,TSL,NA
935,TSL,NA
936,TSL,NA
937,TSL,NA
938,TSL,NA
939,TSL,NA
940,TSL,NA
941,TSL,NA
942,TSL,NA
943,TSL,NA
944,TSL,NA
945,TSL,NA
946,TSL,NA
947,TSL,NA
948,TSL,NA
949,TSL,NA
950,TSL,NA
951,TSL,NA
952,TSL,NA
953,TSL,NA
954,TSL,NA
955,TSL,NA
956,TSL,NA
957,TSL,NA
958,TSL,NA
959,TSL,NA
960,TSL,NA
961,TSL,NA
962,TSL,NA
963,TSL,NA
964,TSL,NA
965,TSL,NA
966,TSL,NA
967,TSL,NA
968,TSL,NA
969,TSL,NA
970,TSL,NA
971,TSL,NA
972,TSL,NA
973,TSL,NA
974,TSL,NA
975,TSL,NA
976,TSL,NA
977,TSL,NA
978,TSL,NA
979,TSL,NA
980,TSL,NA
981,TSL,NA
982,TSL,NA
983,TSL,NA
984,TSL,NA
985,TSL,NA
986,TSL,NA
987,TSL,NA
988,TSL,NA
989,TSL,NA
990,TSL,NA
991,TSL,NA
992,TSL,NA
993,TSL,NA
994,TSL,NA
995,TSL,NA
996,TSL,NA
997,TSL,NA
998,TSL,NA
999,TSL,NA
1000,TSL,NA
1001,TSL,NA
1002,TSL,NA
1003,TSL,NA
1004,TSL,NA
1005,TSL,NA
1006,TSL,NA
1007,TSL,NA
1008,TSL,NA
1009,TSL,NA
1010,TSL,NA
1011,TSL,NA
1012,TSL,NA
1013,TSL,NA
1014,TSL,NA
1015,TSL,NA
1016,TSL,NA
1017,TSL,NA
1018,TSL,NA
1019,TSL,NA
1020,TSL,NA
1021,TSL,NA
1022,TSL,NA
1023,TSL,NA
1024,TSL,NA
1025,TSL,NA
1026,TSL,NA
1027,TSL,NA
1028,TSL,NA
1029,TSL,NA
1030,TSL,NA
1031,TSL,NA
1032,TSL,NA
1033,TSL,NA
1034,TSL,NA
1035,TSL,NA
1036,TSL,NA
1037,TSL,NA
1038,TSL,NA
1039,TSL,NA
1040,TSL,NA
1041,TSL,NA
1042,TSL,NA
1043,TSL,NA
1044,TSL,NA
1045,TSL,NA
1046,TSL,NA
1047,TSL,NA
1048,TSL,NA
1049,TSL,NA
1050,TSL,NA
1051,TSL,NA
1052,TSL,NA
1053,TSL,NA
1054,TSL,NA
1055,TSL,NA
1056,TSL,NA
1057,TSL,NA
1058,TSL,NA
1059,TSL,NA
1060,TSL,NA
1061,TSL,NA
1062,TSL,NA
1063,TSL,NA
1064,TSL,NA
1065,TSL,NA
1066,TSL,NA
1067,TSL,NA
1068,TSL,NA
1069,TSL,NA
1070,TSL,NA
1071,TSL,NA
1072,TSL,NA
1073,TSL,NA
1074,TSL,NA
1075,TSL,NA
1076,TSL,NA
1077,TSL,NA
1078,TSL,NA
1079,TSL,NA
1080,TSL,NA
1081,TSL,NA
1082,TSL,NA
1083,TSL,NA
1084,TSL,NA
1085,TSL,NA
1086,TSL,NA
1087,TSL,NA
1088,TSL,NA
1089,TSL,NA
1090,TSL,NA
1091,TSL,NA
1092,TSL,NA
1093,TSL,NA
1094,TSL,NA
1095,TSL,NA
1096,TSL,NA
1097,TSL,NA
1098,TSL,NA
1099,TSL,NA
1100,TSL,NA
1101,TSL,NA
1102,TSL,NA
1103,TSL,NA
1104,TSL,NA
1105,TSL,NA
1106,TSL,NA
1107,TSL,NA
1108,TSL,NA
1109,TSL,NA
1110,TSL,NA
1111,TSL,NA
1112,TSL,NA
1113,TSL,NA
1114,TSL,NA
1115,TSL,NA
1116,TSL,NA
1117,TSL,NA
1118,TSL,NA
1119,TSL,NA
1120,TSL,NA
1121,TSL,NA
1122,TSL,NA
1123,TSL,NA
1124,TSL,NA
1125,TSL,NA
1126,TSL,NA
1127,TSL,NA
1128,TSL,NA
1129,TSL,NA
1130,TSL,NA
1131,TSL,NA
1132,TSL,NA
1133,TSL,NA
1134,TSL,NA
1135,TSL,NA
1136,TSL,NA
1137,TSL,NA
1138,TSL,NA
1139,TSL,NA
1140,TSL,NA
1141,TSL,NA
1142,TSL,NA
1143,TSL,NA
1144,TSL,NA
1145,TSL,NA
1146,TSL,NA
1147,TSL,NA
1148,TSL,NA
1149,TSL,NA
1150,TSL,NA
1151,TSL,NA
1152,TSL,NA
1153,TSL,NA
1154,TSL,NA
1155,TSL,NA
1156,TSL,NA
1157,TSL,NA
1158,TSL,NA
1159,TSL,NA
1160,TSL,NA
1161,TSL,NA
1162,TSL,NA
1163,TSL,NA
1164,TSL,NA
1165,TSL,NA
1166,TSL,NA
1167,TSL,NA
1168,TSL,NA
1169,TSL,NA
1170,TSL,NA
1171,TSL,NA
1172,TSL,NA
1173,TSL,NA
1174,TSL,NA
1175,TSL,NA
1176,TSL,NA
1177,TSL,NA
1178,TSL,NA
1179,TSL,NA
1180,TSL,NA
1181,TSL,NA
1182,TSL,NA
1183,TSL,NA
1184,TSL,NA
1185,TSL,NA
1186,TSL,NA
1187,TSL,NA
1188,TSL,NA
1189,TSL,NA
1190,TSL,NA
1191,TSL,NA
1192,TSL,NA
1193,TSL,NA
1194,TSL,NA
1195,TSL,NA
1196,TSL,NA
1197,TSL,NA
1198,TSL,NA
1199,TSL,NA
1200,TSL,NA
1201,TSL,NA
1202,TSL,NA
1203,TSL,NA
1204,TSL,NA
1205,TSL,NA
1206,TSL,NA
1207,TSL,NA
1208,TSL,NA
1209,TSL,NA
1210,TSL,NA
1211,TSL,NA
1212,TSL,NA
1213,TSL,NA
1214,TSL,NA
1215,TSL,NA
1216,TSL,NA
1217,TSL,NA
1218,TSL,NA
1219,TSL,NA
1220,TSL,NA
1221,TSL,NA
1222,TSL,NA
1223,TSL,NA
1224,TSL,NA
1225,TSL,NA
1226,TSL,NA
1227,TSL,NA
1228,TSL,NA
1229,TSL,NA
1230,TSL,NA
1231,TSL,NA
1232,TSL,NA
1233,TSL,NA
1234,TSL,NA
1235,TSL,NA
1236,TSL,NA
1237,TSL,NA
1238,TSL,NA
1239,TSL,NA
1240,TSL,NA
1241,TSL,NA
1242,TSL,NA
1243,TSL,NA
1244,TSL,NA
1245,TSL,NA
1246,TSL,NA
1247,TSL,NA
1248,TSL,NA
1249,TSL,NA
1250,TSL,NA
1251,TSL,NA
1252,TSL,NA
1253,TSL,NA
1254,TSL,NA
1255,TSL,NA
1256,TSL,NA
1257,TSL,NA
1258,TSL,NA
1259,TSL,NA
1260,TSL,NA
1261,TSL,NA
1262,TSL,NA
1263,TSL,NA
1264,TSL,NA
1265,TSL,NA
1266,TSL,NA
1267,TSL,NA
1268,TSL,NA
1269,TSL,NA
1270,TSL,NA
1271,TSL,NA
1272,TSL,NA
1273,TSL,NA
1274,TSL,NA
1275,TSL,NA
1276,TSL,NA
1277,TSL,NA
1278,TSL,NA
1279,TSL,NA
1280,TSL,NA
1281,TSL,NA
1282,TSL,NA
1283,TSL,NA
1284,TSL,NA
1285,TSL,NA
1286,TSL,NA
1287,TSL,NA
1288,TSL,NA
1289,TSL,NA
1290,TSL,NA
1291,TSL,NA
1292,TSL,NA
1293,TSL,NA
1294,TSL,NA
1295,TSL,NA
1296,TSL,NA
1297,TSL,NA
1298,TSL,NA
1299,TSL,NA
1300,TSL,NA
1301,TSL,NA
1302,TSL,NA
1303,TSL,NA
1304,TSL,NA
1305,TSL,NA
1306,TSL,NA
1307,TSL,NA
1308,TSL,NA
1309,TSL,NA
1310,TSL,NA
1311,TSL,NA
1312,TSL,NA
1313,TSL,NA
1314,TSL,NA
1315,TSL,NA
1316,TSL,NA
1317,TSL,NA
1318,TSL,NA
1319,TSL,NA
1320,TSL,NA
1321,TSL,NA
1322,TSL,NA
1323,TSL,NA
1324,TSL,NA
1325,TSL,NA
1326,TSL,NA
1327,TSL,NA
1328,TSL,NA
1329,TSL,NA
1330,TSL,NA
1331,TSL,NA
1332,TSL,NA
1333,TSL,NA
1334,TSL,NA
1335,TSL,NA
1336,TSL,NA
1337,TSL,NA
1338,TSL,NA
1339,TSL,NA
1340,TSL,NA
1341,TSL,NA
1342,TSL,NA
1343,TSL,NA
1344,TSL,NA
1345,J,NA
1346,J,NA
1347,RIH,NA
1348,OT,NA
1349,J,NA
1350,J,NA
1351,RIH,NA
1352,OT,NA
1353,A,NA
1354,J,NA
1355,OT,NA
1356,J,NA
1357,J,NA
1358,RIH,NA
1359,J,NA
1360,OT,NA
1361,A,NA
1362,J,NA
1363,RIH,NA
1364,OT,NA
1365,J,NA
1366,OT,NA
1367,A,NA
1368,J,NA
1369,J,NA
1370,OT,NA
1371,A,NA
1372,J,NA
1373,J,NA
1374,OT,NA
1375,J,NA
1376,J,NA
1377,OT,NA
1378,J,NA
1379,OT,NA
1380,A,NA
1381,J,NA
1382,J,NA
1383,J,NA
1384,A,NA
1385,J,NA
1386,J,NA
1387,J,NA
1388,OT,NA
1389,J,NA
1390,RIH,NA
1391,J,NA
1392,J,NA
1393,RIH,NA
1394,OT,NA
1395,A,NA
1396,J,NA
1397,OT,NA
1398,J,NA
1399,RIH,NA
1400,OT,NA
1401,J,NA
1402,J,NA
1403,A,NA
1404,J,NA
1405,J,NA
1406,RIH,NA
1407,OT,NA
1408,J,NA
1409,RIH,NA
1410,J,NA
1411,RIH,NA
1412,OT,NA
1413,J,NA
1414,A,NA
1415,J,NA
1416,J,NA
1417,OT,NA
1418,A,NA
1419,J,NA
1420,RIH,NA
1421,OT,NA
1422,J,NA
1423,RIH,NA
1424,J,NA
1425,OT,NA
1426,J,NA
1427,OT,NA
1428,J,NA
1429,OT,NA
1430,A,NA
1431,J,NA
1432,J,NA
1433,OT,NA
1434,J,NA
1435,J,NA
1436,J,NA
1437,OT,NA
1438,J,NA
1439,J,NA
1440,J,NA
1441,J,NA
1442,A,NA
1443,J,NA
1444,RIH,NA
1445,OT,NA
1446,J,NA
1447,A,NA
1448,J,NA
1449,J,NA
1450,OT,NA
1451,J,NA
1452,RIH,NA
1453,OT,NA
1454,A,NA
1455,J,NA
1456,OT,NA
1457,J,NA
1458,J,NA
1459,OT,NA
1460,A,NA
1461,J,NA
1462,J,NA
1463,A,NA
1464,J,NA
1465,OT,NA
1466,J,NA
1467,OT,NA
1468,J,NA
1469,RIH,NA
1470,J,NA
1471,RIH,NA
1472,OT,NA
1473,A,NA
1474,J,NA
1475,J,NA
1476,RIH,NA
1477,OT,NA
1478,J,NA
1479,OT,NA
1480,J,NA
1481,RIH,NA
1482,OT,NA
1483,J,NA
1484,J,NA
1485,OT,NA
1486,J,NA
1487,J,NA
1488,J,NA
1489,RIH,NA
1490,OT,NA
1491,J,NA
1492,J,NA
1493,RIH,NA
1494,J,NA
1495,J,NA
1496,A,NA
1497,J,NA
1498,J,NA
1499,J,NA
1500,RIH,NA
1501,OT,NA
1502,J,NA
1503,RIH,NA
1504,OT,NA
1505,J,NA
1506,OT,NA
1507,J,NA
1508,OT,NA
1509,J,NA
1510,RIH,NA
1511,OT,NA
1512,J,NA
1513,OT,NA
1514,A,NA
1515,J,NA
1516,OT,NA
1517,J,NA
1518,J,NA
1519,RIH,NA
1520,OT,NA
1521,J,NA
1522,RIH,NA
1523,J,NA
1524,OT,NA
1525,J,NA
1526,OT,NA
1527,J,NA
1528,OT,NA
1529,J,NA
1530,J,NA
1531,RIH,NA
1532,J,NA
1533,RIH,NA
1534,J,NA
1535,OT,NA
1536,J,NA
1537,RIH,NA
1538,OT,NA
1539,A,NA
1540,J,NA
1541,A,NA
1542,J,NA
1543,OT,NA
1544,J,NA
1545,OT,NA
1546,J,NA
1547,RIH,NA
1548,OT,NA
1549,A,NA
1550,J,NA
1551,OT,NA
1552,J,NA
1553,J,NA
1554,RIH,NA
1555,OT,NA
1556,J,NA
1557,RIH,NA
1558,J,NA
1559,RIH,NA
1560,J,NA
1561,RIH,NA
1562,OT,NA
1563,A,NA
1564,J,NA
1565,RIH,NA
1566,J,NA
1567,J,NA
1568,RIH,NA
1569,J,NA
1570,OT,NA
1571,J,NA
1572,J,NA
1573,J,NA
1574,J,NA
1575,J,NA
1576,A,NA
1577,J,NA
1578,OT,NA
1579,A,NA
1580,J,NA
1581,RIH,NA
1582,J,NA
1583,OT,NA
1584,J,NA
1585,OT,NA
1586,J,NA
1587,OT,NA
1588,A,NA
1589,J,NA
1590,RIH,NA
1591,J,NA
1592,RIH,NA
1593,OT,NA
1594,J,NA
1595,A,NA
1596,J,NA
1597,J,NA
1598,OT,NA
1599,A,NA
1600,J,NA
1601,RIH,NA
1602,OT,NA
1603,A,NA
1604,J,NA
1605,OT,NA
1606,J,NA
1607,J,NA
1608,OT,NA
1609,J,NA
1610,A,NA
1611,J,NA
1612,OT,NA
1613,J,NA
1614,OT,NA
1615,A,NA
1616,J,NA
1617,J,NA
1618,OT,NA
1619,J,NA
1620,OT,NA
1621,J,NA
1622,OT,NA
1623,J,NA
1624,A,NA
1625,J,NA
1626,RIH,NA
1627,J,NA
1628,RIH,NA
1629,OT,NA
1630,J,NA
1631,A,NA
1632,J,NA
1633,OT,NA
1634,A,NA
1635,J,NA
1636,OT,NA
1637,J,NA
1638,A,NA
1639,J,NA
1640,RIH,NA
1641,OT,NA
1642,J,NA
1643,OT,NA
1644,A,NA
1645,J,NA
1646,OT,NA
1647,J,NA
1648,OT,NA
1649,J,NA
1650,J,NA
1651,J,NA
1652,J,NA
1653,J,NA
1654,OT,NA
1655,A,NA
1656,J,NA
1657,RIH,NA
1658,OT,NA
1659,A,NA
1660,J,NA
1661,OT,NA
1662,A,NA
1663,J,NA
1664,A,NA
1665,J,NA
1666,RIH,NA
1667,J,NA
1668,J,NA
1669,J,NA
1670,OT,NA
1671,A,NA
1672,J,NA
1673,RIH,NA
1674,OT,NA
1675,J,NA
1676,OT,NA
1677,A,NA
1678,J,NA
1679,RIH,NA
1680,J,NA
1681,RIH,NA
1682,OT,NA
1683,J,NA
1684,OT,NA
1685,J,NA
1686,RIH,NA
1687,J,NA
1688,OT,NA
1689,J,NA
1690,OT,NA
1691,J,NA
1692,OT,NA
1693,J,NA
1694,RIH,NA
1695,OT,NA
1696,J,NA
1697,RIH,NA
1698,J,NA
1699,RIH,NA
1700,OT,NA
1701,A,NA
1702,J,NA
1703,OT,NA
1704,J,NA
1705,OT,NA
1706,A,NA
1707,J,NA
1708,J,NA
1709,OT,NA
1710,J,NA
1711,J,NA
1712,OT,NA
1713,A,NA
1714,J,NA
1715,OT,NA
1716,J,NA
1717,RIH,NA
1718,OT,NA
1719,J,NA
1720,RIH,NA
1721,OT,NA
1722,J,NA
1723,OT,NA
1724,J,NA
1725,RIH,NA
1726,J,NA
1727,A,NA
1728,J,NA
1729,OT,NA
1730,J,NA
1731,J,NA
1732,RIH,NA
1733,J,NA
1734,RIH,NA
1735,J,NA
1736,OT,NA
1737,J,NA
1738,A,NA
1739,J,NA
1740,J,NA
1741,OT,NA
1742,J,NA
1743,RIH,NA
1744,J,NA
1745,A,NA
1746,J,NA
1747,RIH,NA
1748,J,NA
1749,OT,NA
1750,J,NA
1751,RIH,NA
1752,J,NA
1753,J,NA
1754,OT,NA
1755,J,NA
1756,OT,NA
1757,J,NA
1758,RIH,NA
1759,OT,NA
1760,J,NA
1761,J,NA
1762,OT,NA
1763,J,NA
1764,J,NA
1765,J,NA
1766,RIH,NA
1767,A,NA
1768,J,NA
1769,OT,NA
1770,J,NA
1771,RIH,NA
1772,OT,NA
1773,J,NA
1774,RIH,NA
1775,OT,NA
1776,J,NA
1777,A,NA
1778,J,NA
1779,OT,NA
1780,J,NA
1781,J,NA
1782,J,NA
1783,J,NA
1784,RIH,NA
1785,OT,NA
1786,J,NA
1787,OT,NA
1788,J,NA
1789,J,NA
1790,RIH,NA
1791,J,NA
1792,OT,NA
1793,J,NA
1794,OT,NA
1795,J,NA
1796,OT,NA
1797,J,NA
1798,OT,NA
1799,J,NA
1800,RIH,NA
1801,J,NA
1802,J,NA
1803,OT,NA
1804,J,NA
1805,J,NA
1806,J,NA
1807,J,NA
1808,OT,NA
1809,J,NA
1810,OT,NA
1811,J,NA
1812,J,NA
1813,RIH,NA
1814,OT,NA
1815,J,NA
1816,RIH,NA
1817,OT,NA
1818,J,NA
1819,OT,NA
1820,J,NA
1821,RIH,NA
1822,J,NA
1823,RIH,NA
1824,OT,NA
1825,J,NA
1826,RIH,NA
1827,J,NA
1828,J,NA
1829,RIH,NA
1830,OT,NA
1831,J,NA
1832,RIH,NA
1833,J,NA
1834,OT,NA
1835,J,NA
1836,J,NA
1837,RIH,NA
1838,OT,NA
1839,J,NA
1840,J,NA
1841,OT,NA
1842,J,NA
1843,RIH,NA
1844,A,NA
1845,J,NA
1846,OT,NA
1847,J,NA
1848,J,NA
1849,OT,NA
1850,A,NA
1851,J,NA
1852,J,NA
1853,J,NA
1854,RIH,NA
1855,J,NA
1856,J,NA
1857,OT,NA
1858,J,NA
1859,OT,NA
1860,J,NA
1861,J,NA
1862,A,NA
1863,J,NA
1864,OT,NA
1865,J,NA
1866,OT,NA
1867,J,NA
1868,OT,NA
1869,J,NA
1870,J,NA
1871,OT,NA
1872,J,NA
1873,OT,NA
1874,J,NA
1875,J,NA
1876,J,NA
1877,RIH,NA
1878,J,NA
1879,OT,NA
1880,A,NA
1881,J,NA
1882,J,NA
1883,A,NA
1884,J,NA
1885,J,NA
1886,RIH,NA
1887,J,NA
1888,RIH,NA
1889,J,NA
1890,OT,NA
1891,J,NA
1892,J,NA
1893,RIH,NA
1894,J,NA
1895,OT,NA
1896,J,NA
1897,J,NA
1898,OT,NA
1899,J,NA
1900,RIH,NA
1901,OT,NA
1902,J,NA
1903,OT,NA
1904,A,NA
1905,J,NA
1906,J,NA
1907,J,NA
1908,RIH,NA
1909,J,NA
1910,J,NA
1911,J,NA
1912,J,NA
1913,J,NA
1914,J,NA
1915,OT,NA
1916,J,NA
1917,OT,NA
1918,J,NA
1919,J,NA
1920,RIH,NA
1921,A,NA
1922,J,NA
1923,J,NA
1924,A,NA
1925,J,NA
1926,RIH,NA
1927,J,NA
1928,RIH,NA
1929,J,NA
1930,OT,NA
1931,J,NA
1932,J,NA
1933,J,NA
1934,J,NA
1935,J,NA
1936,J,NA
1937,RIH,NA
1938,OT,NA
1939,J,NA
1940,J,NA
1941,OT,NA
1942,A,NA
1943,J,NA
1944,OT,NA
1945,J,NA
1946,A,NA
1947,J,NA
1948,J,NA
1949,J,NA
1950,J,NA
1951,A,NA
1952,J,NA
1953,OT,NA
1954,J,NA
1955,J,NA
1956,J,NA
1957,RIH,NA
1958,J,NA
1959,A,NA
1960,J,NA
1961,OT,NA
1962,A,NA
1963,J,NA
1964,J,NA
1965,J,NA
1966,A,NA
1967,J,NA
1968,RIH,NA
1969,OT,NA
1970,J,NA
1971,RIH,NA
1972,OT,NA
1973,J,NA
1974,OT,NA
1975,J,NA
1976,OT,NA
1977,A,NA
1978,J,NA
1979,RIH,NA
1980,OT,NA
1981,J,NA
1982,J,NA
1983,OT,NA
1984,J,NA
1985,OT,NA
1986,J,NA
1987,RIH,NA
1988,J,NA
1989,RIH,NA
1990,OT,NA
1991,J,NA
1992,J,NA
1993,RIH,NA
1994,OT,NA
1995,A,NA
1996,J,NA
1997,J,NA
1998,OT,NA
1999,A,NA
2000,J,NA
2001,OT,NA
2002,A,NA
2003,J,NA
2004,OT,NA
2005,J,NA
2006,OT,NA
2007,J,NA
2008,OT,NA
2009,J,NA
2010,J,NA
2011,OT,NA
2012,J,NA
2013,OT,NA
2014,J,NA
2015,RIH,NA
2016,OT,NA
2017,J,NA
2018,OT,NA
2019,J,NA
2020,OT,NA
2021,A,NA
2022,J,NA
2023,A,NA
2024,J,NA
2025,RIH,NA
2026,J,NA
2027,RIH,NA
2028,J,NA
2029,RIH,NA
2030,A,NA
2031,J,NA
2032,RIH,NA
2033,J,NA
2034,A,NA
2035,J,NA
2036,RIH,NA
2037,OT,NA
2038,A,NA
2039,J,NA
2040,OT,NA
2041,J,NA
2042,J,NA
2043,RIH,NA
2044,OT,NA
2045,J,NA
2046,RIH,NA
2047,J,NA
2048,RIH,NA
2049,OT,NA
2050,J,NA
2051,A,NA
2052,J,NA
2053,RIH,NA
2054,J,NA
2055,OT,NA
2056,J,NA
2057,A,NA
2058,J,NA
2059,OT,NA
2060,J,NA
2061,RIH,NA
2062,J,NA
2063,J,NA
2064,OT,NA
2065,J,NA
2066,OT,NA
2067,J,NA
2068,J,NA
2069,J,NA
2070,J,NA
2071,OT,NA
2072,A,NA
2073,J,NA
2074,OT,NA
2075,A,NA
2076,J,NA
2077,RIH,NA
2078,OT,NA
2079,A,NA
2080,J,NA
2081,OT,NA
2082,J,NA
2083,OT,NA
2084,J,NA
2085,RIH,NA
2086,J,NA
2087,J,NA
2088,OT,NA
2089,J,NA
2090,RIH,NA
2091,OT,NA
2092,A,NA
2093,J,NA
2094,A,NA
2095,J,NA
2096,RIH,NA
2097,OT,NA
2098,J,NA
2099,J,NA
2100,A,NA
2101,J,NA
2102,J,NA
2103,RIH,NA
2104,OT,NA
2105,J,NA
2106,OT,NA
2107,J,NA
2108,RIH,NA
2109,A,NA
2110,J,NA
2111,RIH,NA
2112,J,NA
2113,J,NA
2114,OT,NA
2115,J,NA
2116,OT,NA
2117,J,NA
2118,J,NA
2119,OT,NA
2120,A,NA
2121,J,NA
2122,A,NA
2123,J,NA
2124,OT,NA
2125,J,NA
2126,RIH,NA
2127,OT,NA
2128,A,NA
2129,J,NA
2130,OT,NA
2131,J,NA
2132,RIH,NA
2133,J,NA
2134,RIH,NA
2135,OT,NA
2136,J,NA
2137,OT,NA
2138,A,NA
2139,J,NA
2140,A,NA
2141,J,NA
2142,A,NA
2143,J,NA
2144,OT,NA
2145,J,NA
2146,RIH,NA
2147,J,NA
2148,OT,NA
2149,J,NA
2150,RIH,NA
2151,OT,NA
2152,J,NA
2153,OT,NA
2154,J,NA
2155,J,NA
2156,OT,NA
2157,A,NA
2158,J,NA
2159,RIH,NA
2160,OT,NA
2161,A,NA
2162,J,NA
2163,OT,NA
2164,A,NA
2165,J,NA
2166,RIH,NA
2167,OT,NA
2168,J,NA
2169,RIH,NA
2170,J,NA
2171,RIH,NA
2172,J,NA
2173,RIH,NA
2174,J,NA
2175,J,NA
2176,J,NA
2177,J,NA
2178,OT,NA
2179,J,NA
2180,J,NA
2181,J,NA
2182,OT,NA
2183,A,NA
2184,J,NA
2185,OT,NA
2186,A,NA
2187,J,NA
2188,RIH,NA
2189,OT,NA
2190,J,NA
2191,OT,NA
2192,A,NA
2193,J,NA
2194,J,NA
2195,RIH,NA
2196,J,NA
2197,RIH,NA
2198,J,NA
2199,OT,NA
2200,J,NA
2201,J,NA
2202,J,NA
2203,J,NA
2204,J,NA
2205,RIH,NA
2206,OT,NA
2207,A,NA
2208,J,NA
2209,A,NA
2210,J,NA
2211,OT,NA
2212,J,NA
2213,J,NA
2214,RIH,NA
2215,J,NA
2216,A,NA
2217,J,NA
2218,J,NA
2219,RIH,NA
2220,J,NA
2221,RIH,NA
2222,A,NA
2223,J,NA
2224,OT,NA
2225,A,NA
2226,J,NA
2227,RIH,NA
2228,J,NA
2229,J,NA
2230,J,NA
2231,RIH,NA
2232,OT,NA
2233,J,NA
2234,RIH,NA
2235,J,NA
2236,RIH,NA
2237,OT,NA
2238,J,NA
2239,RIH,NA
2240,OT,NA
2241,J,NA
2242,J,NA
2243,RIH,NA
2244,A,NA
2245,J,NA
2246,OT,NA
2247,A,NA
2248,J,NA
2249,RIH,NA
2250,OT,NA
2251,J,NA
2252,J,NA
2253,OT,NA
2254,J,NA
2255,OT,NA
2256,J,NA
2257,J,NA
2258,OT,NA
2259,J,NA
2260,J,NA
2261,OT,NA
2262,J,NA
2263,J,NA
2264,RIH,NA
2265,J,NA
2266,RIH,NA
2267,A,NA
2268,J,NA
2269,J,NA
2270,RIH,NA
2271,OT,NA
2272,A,NA
2273,J,NA
2274,RIH,NA
2275,J,NA
2276,OT,NA
2277,J,NA
2278,OT,NA
2279,J,NA
2280,OT,NA
2281,J,NA
2282,J,NA
2283,RIH,NA
2284,J,NA
2285,RIH,NA
2286,OT,NA
2287,J,NA
2288,RIH,NA
2289,OT,NA
2290,J,NA
2291,RIH,NA
2292,J,NA
2293,OT,NA
2294,J,NA
2295,OT,NA
2296,J,NA
2297,OT,NA
2298,J,NA
2299,OT,NA
2300,J,NA
2301,OT,NA
2302,J,NA
2303,J,NA
2304,OT,NA
2305,J,NA
2306,RIH,NA
2307,J,NA
2308,RIH,NA
2309,J,NA
2310,J,NA
2311,J,NA
2312,RIH,NA
2313,OT,NA
2314,J,NA
2315,OT,NA
2316,J,NA
2317,RIH,NA
2318,J,NA
2319,RIH,NA
2320,A,NA
2321,J,NA
2322,J,NA
2323,J,NA
2324,J,NA
2325,J,NA
2326,RIH,NA
2327,OT,NA
2328,A,NA
2329,J,NA
2330,J,NA
2331,J,NA
2332,OT,NA
2333,J,NA
2334,OT,NA
2335,J,NA
2336,OT,NA
2337,A,NA
2338,J,NA
2339,J,NA
2340,OT,NA
2341,A,NA
2342,J,NA
2343,OT,NA
2344,J,NA
2345,J,NA
2346,OT,NA
2347,A,NA
2348,J,NA
2349,J,NA
2350,OT,NA
2351,J,NA
2352,RIH,NA
2353,A,NA
2354,J,NA
2355,J,NA
2356,RIH,NA
2357,OT,NA
2358,J,NA
2359,RIH,NA
2360,J,NA
2361,OT,NA
2362,J,NA
2363,OT,NA
2364,J,NA
2365,J,NA
2366,J,NA
2367,OT,NA
2368,J,NA
2369,OT,NA
2370,J,NA
2371,OT,NA
2372,J,NA
2373,A,NA
2374,J,NA
2375,RIH,NA
2376,OT,NA
2377,J,NA
2378,OT,NA
2379,J,NA
2380,J,NA
2381,OT,NA
2382,J,NA
2383,RIH,NA
2384,A,NA
2385,J,NA
2386,J,NA
2387,A,NA
2388,J,NA
2389,OT,NA
2390,J,NA
2391,OT,NA
2392,J,NA
2393,OT,NA
2394,A,NA
2395,J,NA
2396,RIH,NA
2397,OT,NA
2398,J,NA
2399,RIH,NA
2400,OT,NA
2401,J,NA
2402,RIH,NA
2403,J,NA
2404,J,NA
2405,J,NA
2406,RIH,NA
2407,OT,NA
2408,A,NA
2409,J,NA
2410,OT,NA
2411,A,NA
2412,J,NA
2413,OT,NA
2414,J,NA
2415,OT,NA
2416,J,NA
2417,RIH,NA
2418,OT,NA
2419,A,NA
2420,J,NA
2421,J,NA
2422,RIH,NA
2423,OT,NA
2424,J,NA
2425,OT,NA
2426,A,NA
2427,J,NA
2428,RIH,NA
2429,OT,NA
2430,A,NA
2431,J,NA
2432,OT,NA
2433,J,NA
2434,OT,NA
2435,A,NA
2436,J,NA
2437,RIH,NA
2438,OT,NA
2439,J,NA
2440,J,NA
2441,OT,NA
2442,J,NA
2443,RIH,NA
2444,J,NA
2445,OT,NA
2446,J,NA
2447,OT,NA
2448,J,NA
2449,RIH,NA
2450,OT,NA
2451,J,NA
2452,RIH,NA
2453,OT,NA
2454,J,NA
2455,OT,NA
2456,J,NA
2457,OT,NA
2458,J,NA
2459,OT,NA
2460,A,NA
2461,J,NA
2462,OT,NA
2463,J,NA
2464,RIH,NA
2465,J,NA
2466,RIH,NA
2467,OT,NA
2468,A,NA
2469,J,NA
2470,RIH,NA
2471,OT,NA
2472,J,NA
2473,RIH,NA
2474,OT,NA
2475,J,NA
2476,J,NA
2477,J,NA
2478,J,NA
2479,J,NA
2480,J,NA
2481,RIH,NA
2482,J,NA
2483,OT,NA
2484,J,NA
2485,RIH,NA
2486,OT,NA
2487,J,NA
2488,OT,NA
2489,A,NA
2490,J,NA
2491,RIH,NA
2492,OT,NA
2493,J,NA
2494,OT,NA
2495,A,NA
2496,J,NA
2497,A,NA
2498,J,NA
2499,OT,NA
2500,A,NA
2501,J,NA
2502,OT,NA
2503,J,NA
2504,OT,NA
2505,J,NA
2506,RIH,NA
2507,J,NA
2508,RIH,NA
2509,J,NA
2510,OT,NA
2511,A,NA
2512,J,NA
2513,J,NA
2514,RIH,NA
2515,J,NA
2516,OT,NA
2517,A,NA
2518,J,NA
2519,J,NA
2520,J,NA
2521,OT,NA
2522,J,NA
2523,RIH,NA
2524,OT,NA
2525,J,NA
2526,OT,NA
2527,J,NA
2528,RIH,NA
2529,A,NA
2530,J,NA
2531,A,NA
2532,J,NA
2533,A,NA
2534,J,NA
2535,OT,NA
2536,J,NA
2537,J,NA
2538,RIH,NA
2539,J,NA
2540,OT,NA
2541,J,NA
2542,J,NA
2543,J,NA
2544,RIH,NA
2545,J,NA
2546,J,NA
2547,A,NA
2548,J,NA
2549,OT,NA
2550,J,NA
2551,J,NA
2552,J,NA
2553,RIH,NA
2554,OT,NA
2555,J,NA
2556,RIH,NA
2557,J,NA
2558,RIH,NA
2559,OT,NA
2560,J,NA
2561,J,NA
2562,RIH,NA
2563,A,NA
2564,J,NA
2565,RIH,NA
2566,OT,NA
2567,J,NA
2568,OT,NA
2569,J,NA
2570,RIH,NA
2571,OT,NA
2572,J,NA
2573,OT,NA
2574,J,NA
2575,RIH,NA
2576,J,NA
2577,J,NA
2578,J,NA
2579,OT,NA
2580,J,NA
2581,J,NA
2582,OT,NA
2583,J,NA
2584,J,NA
2585,RIH,NA
2586,J,NA
2587,OT,NA
2588,A,NA
2589,J,NA
2590,RIH,NA
2591,OT,NA
2592,J,NA
2593,OT,NA
2594,J,NA
2595,RIH,NA
2596,J,NA
2597,RIH,NA
2598,A,NA
2599,J,NA
2600,J,NA
2601,RIH,NA
2602,J,NA
2603,OT,NA
2604,J,NA
2605,J,NA
2606,OT,NA
2607,J,NA
2608,RIH,NA
2609,OT,NA
2610,J,NA
2611,J,NA
2612,RIH,NA
2613,J,NA
2614,OT,NA
2615,A,NA
2616,J,NA
2617,J,NA
2618,J,NA
2619,J,NA
2620,A,NA
2621,J,NA
2622,RIH,NA
2623,J,NA
2624,J,NA
2625,RIH,NA
2626,OT,NA
2627,J,NA
2628,J,NA
2629,RIH,NA
2630,J,NA
2631,J,NA
2632,OT,NA
2633,J,NA
2634,RIH,NA
2635,J,NA
2636,RIH,NA
2637,A,NA
2638,J,NA
2639,J,NA
2640,RIH,NA
2641,OT,NA
2642,J,NA
2643,J,NA
2644,OT,NA
2645,J,NA
2646,RIH,NA
2647,J,NA
2648,OT,NA
2649,A,NA
2650,J,NA
2651,OT,NA
2652,A,NA
2653,J,NA
2654,OT,NA
2655,J,NA
2656,J,NA
2657,OT,NA
2658,A,NA
2659,J,NA
2660,OT,NA
2661,J,NA
2662,RIH,NA
2663,J,NA
2664,RIH,NA
2665,J,NA
2666,RIH,NA
2667,OT,NA
2668,A,NA
2669,J,NA
2670,OT,NA
2671,A,NA
2672,J,NA
2673,RIH,NA
2674,OT,NA
2675,J,NA
2676,RIH,NA
2677,J,NA
2678,OT,NA
2679,J,NA
2680,OT,NA
2681,A,NA
2682,J,NA
2683,RIH,NA
2684,OT,NA
2685,J,NA
2686,RIH,NA
2687,OT,NA
2688,A,NA
2689,J,NA
2690,J,NA
2691,J,NA
2692,RIH,NA
2693,OT,NA
2694,J,NA
2695,J,NA
2696,OT,NA
2697,J,NA
2698,J,NA
2699,OT,NA
2700,J,NA
2701,RIH,NA
2702,OT,NA
2703,A,NA
2704,J,NA
2705,OT,NA
2706,J,NA
2707,J,NA
2708,RIH,NA
2709,OT,NA
2710,J,NA
2711,OT,NA
2712,J,NA
2713,RIH,NA
2714,OT,NA
2715,J,NA
2716,RIH,NA
2717,J,NA
2718,RIH,NA
2719,J,NA
2720,RIH,NA
2721,OT,NA
2722,J,NA
2723,J,NA
2724,J,NA
2725,J,NA
2726,OT,NA
2727,A,NA
2728,J,NA
2729,RIH,NA
2730,J,NA
2731,OT,NA
2732,J,NA
2733,RIH,NA
2734,OT,NA
2735,J,NA
2736,J,NA
2737,RIH,NA
2738,OT,NA
2739,J,NA
2740,OT,NA
2741,J,NA
2742,OT,NA
2743,J,NA
2744,OT,NA
2745,J,NA
2746,OT,NA
2747,A,NA
2748,J,NA
2749,J,NA
2750,J,NA
2751,OT,NA
2752,J,NA
2753,RIH,NA
2754,OT,NA
2755,J,NA
2756,J,NA
2757,OT,NA
2758,J,NA
2759,J,NA
2760,RIH,NA
2761,OT,NA
2762,J,NA
2763,OT,NA
2764,J,NA
2765,J,NA
2766,J,NA
2767,RIH,NA
2768,OT,NA
2769,J,NA
2770,RIH,NA
2771,OT,NA
2772,J,NA
2773,A,NA
2774,J,NA
2775,OT,NA
2776,J,NA
2777,J,NA
2778,RIH,NA
2779,J,NA
2780,RIH,NA
2781,J,NA
2782,RIH,NA
2783,J,NA
2784,OT,NA
2785,J,NA
2786,A,NA
2787,J,NA
2788,J,NA
2789,J,NA
2790,OT,NA
2791,J,NA
2792,J,NA
2793,J,NA
2794,RIH,NA
2795,OT,NA
2796,A,NA
2797,J,NA
2798,J,NA
2799,RIH,NA
2800,J,NA
2801,OT,NA
2802,J,NA
2803,OT,NA
2804,J,NA
2805,OT,NA
2806,J,NA
2807,RIH,NA
2808,OT,NA
2809,A,NA
2810,J,NA
2811,J,NA
2812,RIH,NA
2813,J,NA
2814,OT,NA
2815,J,NA
2816,OT,NA
2817,J,NA
2818,A,NA
2819,J,NA
2820,RIH,NA
2821,A,NA
2822,J,NA
2823,A,NA
2824,J,NA
2825,OT,NA
2826,A,NA
2827,J,NA
2828,J,NA
2829,J,NA
2830,OT,NA
2831,J,NA
2832,OT,NA
2833,A,NA
2834,J,NA
2835,J,NA
2836,RIH,NA
2837,OT,NA
2838,J,NA
2839,RIH,NA
2840,OT,NA
2841,A,NA
2842,J,NA
2843,RIH,NA
2844,J,NA
2845,RIH,NA
2846,A,NA
2847,J,NA
2848,OT,NA
2849,J,NA
2850,RIH,NA
2851,OT,NA
2852,J,NA
2853,RIH,NA
2854,J,NA
2855,RIH,NA
2856,J,NA
2857,J,NA
2858,OT,NA
2859,J,NA
2860,RIH,NA
2861,J,NA
2862,J,NA
2863,J,NA
2864,J,NA
2865,J,NA
2866,J,NA
2867,A,NA
2868,J,NA
2869,RIH,NA
2870,A,NA
2871,J,NA
2872,J,NA
2873,J,NA
2874,OT,NA
2875,J,NA
2876,RIH,NA
2877,OT,NA
2878,J,NA
2879,RIH,NA
2880,J,NA
2881,J,NA
2882,A,NA
2883,J,NA
2884,RIH,NA
2885,J,NA
2886,J,NA
2887,J,NA
2888,A,NA
2889,J,NA
2890,OT,NA
2891,J,NA
2892,RIH,NA
2893,OT,NA
2894,J,NA
2895,J,NA
2896,J,NA
2897,J,NA
2898,OT,NA
2899,A,NA
2900,J,NA
2901,RIH,NA
2902,J,NA
2903,RIH,NA
2904,J,NA
2905,OT,NA
2906,J,NA
2907,OT,NA
2908,J,NA
2909,J,NA
2910,RIH,NA
2911,OT,NA
2912,J,NA
2913,OT,NA
2914,A,NA
2915,J,NA
2916,J,NA
2917,A,NA
2918,J,NA
2919,J,NA
2920,OT,NA
2921,J,NA
2922,A,NA
2923,J,NA
2924,J,NA
2925,OT,NA
2926,A,NA
2927,J,NA
2928,OT,NA
2929,J,NA
2930,A,NA
2931,J,NA
2932,RIH,NA
2933,OT,NA
2934,A,NA
2935,J,NA
2936,OT,NA
2937,J,NA
2938,OT,NA
2939,J,NA
2940,OT,NA
2941,A,NA
2942,J,NA
2943,J,NA
2944,RIH,NA
2945,A,NA
2946,J,NA
2947,OT,NA
2948,A,NA
2949,J,NA
2950,RIH,NA
2951,OT,NA
2952,J,NA
2953,RIH,NA
2954,OT,NA
2955,A,NA
2956,J,NA
2957,RIH,NA
2958,J,NA
2959,OT,NA
2960,J,NA
2961,OT,NA
2962,J,NA
2963,RIH,NA
2964,J,NA
2965,J,NA
2966,OT,NA
2967,A,NA
2968,J,NA
2969,J,NA
2970,A,NA
2971,J,NA
2972,OT,NA
2973,J,NA
2974,J,NA
2975,OT,NA
2976,J,NA
2977,RIH,NA
2978,OT,NA
2979,J,NA
2980,OT,NA
2981,J,NA
2982,RIH,NA
2983,J,NA
2984,OT,NA
2985,A,NA
2986,J,NA
2987,J,NA
2988,OT,NA
2989,J,NA
2990,OT,NA
2991,J,NA
2992,A,NA
2993,J,NA
2994,J,NA
2995,J,NA
2996,J,NA
2997,OT,NA
2998,J,NA
2999,J,NA
3000,RIH,NA
3001,OT,NA
3002,J,NA
3003,J,NA
3004,RIH,NA
3005,J,NA
3006,RIH,NA
3007,OT,NA
3008,J,NA
3009,RIH,NA
3010,OT,NA
3011,J,NA
3012,OT,NA
3013,J,NA
3014,RIH,NA
3015,OT,NA
3016,J,NA
3017,J,NA
3018,RIH,NA
3019,A,NA
3020,J,NA
3021,RIH,NA
3022,J,NA
3023,J,NA
3024,RIH,NA
3025,A,NA
3026,J,NA
3027,RIH,NA
3028,J,NA
3029,J,NA
3030,J,NA
3031,RIH,NA
3032,J,NA
3033,OT,NA
3034,J,NA
3035,A,NA
3036,J,NA
3037,OT,NA
3038,J,NA
3039,J,NA
3040,OT,NA
3041,A,NA
3042,J,NA
3043,J,NA
3044,A,NA
3045,J,NA
3046,OT,NA
3047,A,NA
3048,J,NA
3049,OT,NA
3050,A,NA
3051,J,NA
3052,J,NA
3053,RIH,NA
3054,J,NA
3055,OT,NA
3056,J,NA
3057,OT,NA
3058,J,NA
3059,RIH,NA
3060,OT,NA
3061,J,NA
3062,OT,NA
3063,J,NA
3064,RIH,NA
3065,OT,NA
3066,J,NA
3067,J,NA
3068,RIH,NA
3069,J,NA
3070,A,NA
3071,J,NA
3072,RIH,NA
3073,J,NA
3074,RIH,NA
3075,J,NA
3076,J,NA
3077,A,NA
3078,J,NA
3079,J,NA
3080,RIH,NA
3081,J,NA
3082,J,NA
3083,OT,NA
3084,J,NA
3085,RIH,NA
3086,OT,NA
3087,A,NA
3088,J,NA
3089,A,NA
3090,J,NA
3091,A,NA
3092,J,NA
3093,J,NA
3094,J,NA
3095,RIH,NA
3096,J,NA
3097,OT,NA
3098,J,NA
3099,RIH,NA
3100,J,NA
3101,OT,NA
3102,J,NA
3103,OT,NA
3104,J,NA
3105,J,NA
3106,J,NA
3107,A,NA
3108,J,NA
3109,J,NA
3110,OT,NA
3111,J,NA
3112,OT,NA
3113,J,NA
3114,OT,NA
3115,A,NA
3116,J,NA
3117,J,NA
3118,OT,NA
3119,J,NA
3120,RIH,NA
3121,OT,NA
3122,J,NA
3123,OT,NA
3124,A,NA
3125,J,NA
3126,J,NA
3127,RIH,NA
3128,OT,NA
3129,J,NA
3130,J,NA
3131,RIH,NA
3132,J,NA
3133,RIH,NA
3134,OT,NA
3135,J,NA
3136,J,NA
3137,OT,NA
3138,J,NA
3139,OT,NA
3140,J,NA
3141,J,NA
3142,RIH,NA
3143,OT,NA
3144,J,NA
3145,J,NA
3146,RIH,NA
3147,J,NA
3148,A,NA
3149,J,NA
3150,OT,NA
3151,A,NA
3152,J,NA
3153,RIH,NA
3154,J,NA
3155,J,NA
3156,OT,NA
3157,J,NA
3158,RIH,NA
3159,J,NA
3160,RIH,NA
3161,OT,NA
3162,J,NA
3163,OT,NA
3164,J,NA
3165,J,NA
3166,RIH,NA
3167,J,NA
3168,RIH,NA
3169,OT,NA
3170,J,NA
3171,RIH,NA
3172,OT,NA
3173,J,NA
3174,RIH,NA
3175,J,NA
3176,J,NA
3177,A,NA
3178,J,NA
3179,OT,NA
3180,J,NA
3181,OT,NA
3182,J,NA
3183,RIH,NA
3184,J,NA
3185,J,NA
3186,RIH,NA
3187,J,NA
3188,J,NA
3189,J,NA
3190,J,NA
3191,J,NA
3192,RIH,NA
3193,J,NA
3194,OT,NA
3195,J,NA
3196,RIH,NA
3197,OT,NA
3198,A,NA
3199,J,NA
3200,OT,NA
3201,J,NA
3202,J,NA
3203,J,NA
3204,A,NA
3205,J,NA
3206,OT,NA
3207,J,NA
3208,J,NA
3209,OT,NA
3210,J,NA
3211,A,NA
3212,J,NA
3213,J,NA
3214,OT,NA
3215,J,NA
3216,OT,NA
3217,J,NA
3218,RIH,NA
3219,OT,NA
3220,J,NA
3221,J,NA
3222,J,NA
3223,OT,NA
3224,J,NA
3225,RIH,NA
3226,A,NA
3227,J,NA
3228,OT,NA
3229,J,NA
3230,RIH,NA
3231,A,NA
3232,J,NA
3233,OT,NA
3234,J,NA
3235,RIH,NA
3236,J,NA
3237,RIH,NA
3238,OT,NA
3239,J,NA
3240,OT,NA
3241,J,NA
3242,OT,NA
3243,J,NA
3244,RIH,NA
3245,OT,NA
3246,J,NA
3247,J,NA
3248,OT,NA
3249,J,NA
3250,RIH,NA
3251,OT,NA
3252,J,NA
3253,J,NA
3254,RIH,NA
3255,OT,NA
3256,A,NA
3257,J,NA
3258,OT,NA
3259,J,NA
3260,OT,NA
3261,J,NA
3262,J,NA
3263,OT,NA
3264,J,NA
3265,OT,NA
3266,J,NA
3267,RIH,NA
3268,OT,NA
3269,J,NA
3270,RIH,NA
3271,OT,NA
3272,J,NA
3273,J,NA
3274,J,NA
3275,J,NA
3276,J,NA
3277,RIH,NA
3278,OT,NA
3279,J,NA
3280,RIH,NA
3281,OT,NA
3282,J,NA
3283,OT,NA
3284,J,NA
3285,J,NA
3286,OT,NA
3287,A,NA
3288,J,NA
3289,RIH,NA
3290,OT,NA
3291,J,NA
3292,RIH,NA
3293,J,NA
3294,OT,NA
3295,A,NA
3296,J,NA
3297,J,NA
3298,OT,NA
3299,A,NA
3300,J,NA
3301,J,NA
3302,A,NA
3303,J,NA
3304,OT,NA
3305,A,NA
3306,J,NA
3307,J,NA
3308,J,NA
3309,RIH,NA
3310,OT,NA
3311,A,NA
3312,J,NA
3313,RIH,NA
3314,OT,NA
3315,J,NA
3316,RIH,NA
3317,OT,NA
3318,J,NA
3319,A,NA
3320,J,NA
3321,OT,NA
3322,J,NA
3323,OT,NA
3324,A,NA
3325,J,NA
3326,OT,NA
3327,J,NA
3328,RIH,NA
3329,OT,NA
3330,J,NA
3331,J,NA
3332,OT,NA
3333,A,NA
3334,J,NA
3335,OT,NA
3336,J,NA
3337,A,NA
3338,J,NA
3339,RIH,NA
3340,OT,NA
3341,J,NA
3342,A,NA
3343,J,NA
3344,OT,NA
3345,A,NA
3346,J,NA
3347,OT,NA
3348,A,NA
3349,J,NA
3350,OT,NA
3351,A,NA
3352,J,NA
3353,J,NA
3354,J,NA
3355,RIH,NA
3356,OT,NA
3357,J,NA
3358,RIH,NA
3359,OT,NA
3360,J,NA
3361,J,NA
3362,A,NA
3363,J,NA
3364,A,NA
3365,J,NA
3366,RIH,NA
3367,OT,NA
3368,J,NA
3369,RIH,NA
3370,J,NA
3371,RIH,NA
3372,OT,NA
3373,J,NA
3374,OT,NA
3375,J,NA
3376,RIH,NA
3377,J,NA
3378,A,NA
3379,J,NA
3380,J,NA
3381,J,NA
3382,RIH,NA
3383,OT,NA
3384,A,NA
3385,J,NA
3386,RIH,NA
3387,A,NA
3388,J,NA
3389,J,NA
3390,A,NA
3391,J,NA
3392,OT,NA
3393,A,NA
3394,J,NA
3395,OT,NA
3396,A,NA
3397,J,NA
3398,J,NA
3399,RIH,NA
3400,J,NA
3401,RIH,NA
3402,OT,NA
3403,A,NA
3404,J,NA
3405,J,NA
3406,J,NA
3407,RIH,NA
3408,J,NA
3409,RIH,NA
3410,OT,NA
3411,J,NA
3412,J,NA
3413,J,NA
3414,RIH,NA
3415,A,NA
3416,J,NA
3417,J,NA
3418,OT,NA
3419,J,NA
3420,OT,NA
3421,A,NA
3422,J,NA
3423,RIH,NA
3424,J,NA
3425,RIH,NA
3426,A,NA
3427,J,NA
3428,J,NA
3429,OT,NA
3430,J,NA
3431,J,NA
3432,RIH,NA
3433,J,NA
3434,OT,NA
3435,J,NA
3436,RIH,NA
3437,J,NA
3438,J,NA
3439,J,NA
3440,RIH,NA
3441,OT,NA
3442,J,NA
3443,A,NA
3444,J,NA
3445,A,NA
3446,J,NA
3447,OT,NA
3448,J,NA
3449,J,NA
3450,RIH,NA
3451,A,NA
3452,J,NA
3453,RIH,NA
3454,OT,NA
3455,J,NA
3456,J,NA
3457,OT,NA
3458,J,NA
3459,OT,NA
3460,J,NA
3461,A,NA
3462,J,NA
3463,RIH,NA
3464,OT,NA
3465,J,NA
3466,OT,NA
3467,J,NA
3468,RIH,NA
3469,OT,NA
3470,J,NA
3471,J,NA
3472,RIH,NA
3473,J,NA
3474,J,NA
3475,J,NA
3476,RIH,NA
3477,J,NA
3478,OT,NA
3479,J,NA
3480,J,NA
3481,OT,NA
3482,J,NA
3483,OT,NA
3484,A,NA
3485,J,NA
3486,J,NA
3487,RIH,NA
3488,OT,NA
3489,J,NA
3490,OT,NA
3491,J,NA
3492,J,NA
3493,OT,NA
3494,J,NA
3495,J,NA
3496,RIH,NA
3497,A,NA
3498,J,NA
3499,RIH,NA
3500,J,NA
3501,J,NA
3502,RIH,NA
3503,OT,NA
3504,J,NA
3505,OT,NA
3506,J,NA
3507,J,NA
3508,OT,NA
3509,J,NA
3510,J,NA
3511,J,NA
3512,OT,NA
3513,J,NA
3514,RIH,NA
3515,A,NA
3516,J,NA
3517,J,NA
3518,OT,NA
3519,J,NA
3520,RIH,NA
3521,OT,NA
3522,J,NA
3523,J,NA
3524,RIH,NA
3525,J,NA
3526,RIH,NA
3527,OT,NA
3528,J,NA
3529,OT,NA
3530,J,NA
3531,OT,NA
3532,J,NA
3533,RIH,NA
3534,J,NA
3535,J,NA
3536,J,NA
3537,J,NA
3538,OT,NA
3539,J,NA
3540,OT,NA
3541,A,NA
3542,J,NA
3543,RIH,NA
3544,J,NA
3545,A,NA
3546,J,NA
3547,J,NA
3548,J,NA
3549,J,NA
3550,J,NA
3551,J,NA
3552,RIH,NA
3553,OT,NA
3554,J,NA
3555,OT,NA
3556,J,NA
3557,RIH,NA
3558,J,NA
3559,OT,NA
3560,J,NA
3561,A,NA
3562,J,NA
3563,J,NA
3564,RIH,NA
3565,OT,NA
3566,J,NA
3567,OT,NA
3568,A,NA
3569,J,NA
3570,OT,NA
3571,J,NA
3572,RIH,NA
3573,J,NA
3574,RIH,NA
3575,OT,NA
3576,J,NA
3577,OT,NA
3578,A,NA
3579,J,NA
3580,J,NA
3581,OT,NA
3582,J,NA
3583,RIH,NA
3584,J,NA
3585,RIH,NA
3586,OT,NA
3587,J,NA
3588,J,NA
3589,J,NA
3590,J,NA
3591,RIH,NA
3592,J,NA
3593,RIH,NA
3594,OT,NA
3595,J,NA
3596,RIH,NA
3597,A,NA
3598,J,NA
3599,RIH,NA
3600,A,NA
3601,J,NA
3602,A,NA
3603,J,NA
3604,RIH,NA
3605,J,NA
3606,RIH,NA
3607,J,NA
3608,OT,NA
3609,J,NA
3610,A,NA
3611,J,NA
3612,OT,NA
3613,J,NA
3614,OT,NA
3615,A,NA
3616,J,NA
3617,J,NA
3618,OT,NA
3619,J,NA
3620,A,NA
3621,J,NA
3622,RIH,NA
3623,OT,NA
3624,J,NA
3625,RIH,NA
3626,OT,NA
3627,J,NA
3628,RIH,NA
3629,J,NA
3630,OT,NA
3631,J,NA
3632,RIH,NA
3633,OT,NA
3634,J,NA
3635,J,NA
3636,J,NA
3637,RIH,NA
3638,A,NA
3639,J,NA
3640,RIH,NA
3641,J,NA
3642,RIH,NA
3643,J,NA
3644,J,NA
3645,J,NA
3646,OT,NA
3647,A,NA
3648,J,NA
3649,RIH,NA
3650,OT,NA
3651,J,NA
3652,OT,NA
3653,A,NA
3654,J,NA
3655,RIH,NA
3656,OT,NA
3657,J,NA
3658,OT,NA
3659,J,NA
3660,RIH,NA
3661,J,NA
3662,J,NA
3663,OT,NA
3664,J,NA
3665,OT,NA
3666,J,NA
3667,J,NA
3668,OT,NA
3669,A,NA
3670,J,NA
3671,J,NA
3672,RIH,NA
3673,J,NA
3674,J,NA
3675,OT,NA
3676,J,NA
3677,OT,NA
3678,J,NA
3679,RIH,NA
3680,J,NA
3681,RIH,NA
3682,J,NA
3683,J,NA
3684,OT,NA
3685,J,NA
3686,OT,NA
3687,J,NA
3688,RIH,NA
3689,OT,NA
3690,J,NA
3691,OT,NA
3692,J,NA
3693,RIH,NA
3694,J,NA
3695,J,NA
3696,OT,NA
3697,J,NA
3698,A,NA
3699,J,NA
3700,J,NA
3701,A,NA
3702,J,NA
3703,J,NA
3704,J,NA
3705,J,NA
3706,RIH,NA
3707,J,NA
3708,J,NA
3709,J,NA
3710,RIH,NA
3711,OT,NA
3712,J,NA
3713,J,NA
3714,RIH,NA
3715,J,NA
3716,RIH,NA
3717,OT,NA
3718,J,NA
3719,J,NA
3720,RIH,NA
3721,J,NA
3722,OT,NA
3723,J,NA
3724,J,NA
3725,J,NA
3726,A,NA
3727,J,NA
3728,RIH,NA
3729,OT,NA
3730,J,NA
3731,J,NA
3732,J,NA
3733,RIH,NA
3734,J,NA
3735,A,NA
3736,J,NA
3737,A,NA
3738,J,NA
3739,OT,NA
3740,J,NA
3741,J,NA
3742,RIH,NA
3743,OT,NA
3744,J,NA
3745,J,NA
3746,RIH,NA
3747,J,NA
3748,OT,NA
3749,J,NA
3750,J,NA
3751,RIH,NA
3752,OT,NA
3753,J,NA
3754,RIH,NA
3755,OT,NA
3756,J,NA
3757,OT,NA
3758,J,NA
3759,OT,NA
3760,J,NA
3761,A,NA
3762,J,NA
3763,RIH,NA
3764,J,NA
3765,OT,NA
3766,J,NA
3767,OT,NA
3768,J,NA
3769,OT,NA
3770,J,NA
3771,RIH,NA
3772,J,NA
3773,RIH,NA
3774,A,NA
3775,J,NA
3776,RIH,NA
3777,J,NA
3778,RIH,NA
3779,OT,NA
3780,J,NA
3781,OT,NA
3782,J,NA
3783,OT,NA
3784,J,NA
3785,OT,NA
3786,J,NA
3787,RIH,NA
3788,OT,NA
3789,J,NA
3790,J,NA
3791,J,NA
3792,J,NA
3793,RIH,NA
3794,OT,NA
3795,J,NA
3796,RIH,NA
3797,J,NA
3798,RIH,NA
3799,OT,NA
3800,J,NA
3801,OT,NA
3802,J,NA
3803,A,NA
3804,J,NA
3805,J,NA
3806,OT,NA
3807,J,NA
3808,RIH,NA
3809,OT,NA
3810,J,NA
3811,J,NA
3812,A,NA
3813,J,NA
3814,J,NA
3815,J,NA
3816,RIH,NA
3817,J,NA
3818,OT,NA
3819,A,NA
3820,J,NA
3821,J,NA
3822,OT,NA
3823,J,NA
3824,OT,NA
3825,A,NA
3826,J,NA
3827,RIH,NA
3828,J,NA
3829,RIH,NA
3830,J,NA
3831,OT,NA
3832,A,NA
3833,J,NA
3834,J,NA
3835,J,NA
3836,OT,NA
3837,J,NA
3838,J,NA
3839,OT,NA
3840,J,NA
3841,J,NA
3842,J,NA
3843,OT,NA
3844,A,NA
3845,J,NA
3846,OT,NA
3847,J,NA
3848,OT,NA
3849,J,NA
3850,OT,NA
3851,J,NA
3852,J,NA
3853,J,NA
3854,J,NA
3855,RIH,NA
3856,OT,NA
3857,J,NA
3858,RIH,NA
3859,OT,NA
3860,J,NA
3861,A,NA
3862,J,NA
3863,OT,NA
3864,J,NA
3865,J,NA
3866,J,NA
3867,J,NA
3868,J,NA
3869,OT,NA
3870,A,NA
3871,J,NA
3872,J,NA
3873,J,NA
3874,RIH,NA
3875,OT,NA
3876,J,NA
3877,RIH,NA
3878,A,NA
3879,J,NA
3880,OT,NA
3881,A,NA
3882,J,NA
3883,RIH,NA
3884,J,NA
3885,OT,NA
3886,J,NA
3887,J,NA
3888,RIH,NA
3889,J,NA
3890,OT,NA
3891,J,NA
3892,OT,NA
3893,J,NA
3894,RIH,NA
3895,J,NA
3896,OT,NA
3897,A,NA
3898,J,NA
3899,J,NA
3900,OT,NA
3901,A,NA
3902,J,NA
3903,A,NA
3904,J,NA
3905,RIH,NA
3906,OT,NA
3907,J,NA
3908,A,NA
3909,J,NA
3910,J,NA
3911,J,NA
3912,OT,NA
3913,A,NA
3914,J,NA
3915,OT,NA
3916,J,NA
3917,OT,NA
3918,J,NA
3919,J,NA
3920,OT,NA
3921,J,NA
3922,OT,NA
3923,A,NA
3924,J,NA
3925,J,NA
3926,OT,NA
3927,J,NA
3928,J,NA
3929,J,NA
3930,RIH,NA
3931,J,NA
3932,RIH,NA
3933,OT,NA
3934,J,NA
3935,RIH,NA
3936,J,NA
3937,OT,NA
3938,J,NA
3939,A,NA
3940,J,NA
3941,OT,NA
3942,J,NA
3943,OT,NA
3944,J,NA
3945,OT,NA
3946,J,NA
3947,OT,NA
3948,A,NA
3949,J,NA
3950,A,NA
3951,J,NA
3952,OT,NA
3953,A,NA
3954,J,NA
3955,OT,NA
3956,J,NA
3957,RIH,NA
3958,OT,NA
3959,J,NA
3960,OT,NA
3961,J,NA
3962,OT,NA
3963,J,NA
3964,OT,NA
3965,A,NA
3966,J,NA
3967,OT,NA
3968,J,NA
3969,RIH,NA
3970,A,NA
3971,J,NA
3972,J,NA
3973,J,NA
3974,A,NA
3975,J,NA
3976,J,NA
3977,J,NA
3978,OT,NA
3979,J,NA
3980,RIH,NA
3981,J,NA
3982,J,NA
3983,J,NA
3984,J,NA
3985,OT,NA
3986,J,NA
3987,A,NA
3988,J,NA
3989,A,NA
3990,J,NA
3991,J,NA
3992,J,NA
3993,RIH,NA
3994,J,NA
3995,OT,NA
3996,J,NA
3997,RIH,NA
3998,A,NA
3999,J,NA
4000,J,NA
4001,J,NA
4002,J,NA
4003,OT,NA
4004,J,NA
4005,J,NA
4006,A,NA
4007,J,NA
4008,J,NA
4009,OT,NA
4010,A,NA
4011,J,NA
4012,A,NA
4013,J,NA
4014,RIH,NA
4015,OT,NA
4016,J,NA
4017,J,NA
4018,J,NA
4019,OT,NA
4020,A,NA
4021,J,NA
4022,J,NA
4023,OT,NA
4024,J,NA
4025,J,NA
4026,J,NA
4027,OT,NA
4028,J,NA
4029,A,NA
4030,J,NA
4031,J,NA
4032,RIH,NA
4033,J,NA
4034,J,NA
4035,J,NA
4036,J,NA
4037,RIH,NA
4038,J,NA
4039,OT,NA
4040,J,NA
4041,J,NA
4042,OT,NA
4043,J,NA
4044,J,NA
4045,OT,NA
4046,J,NA
4047,A,NA
4048,J,NA
4049,OT,NA
4050,J,NA
4051,J,NA
4052,J,NA
4053,J,NA
4054,A,NA
4055,J,NA
4056,A,NA
4057,J,NA
4058,RIH,NA
4059,A,NA
4060,J,NA
4061,RIH,NA
4062,J,NA
4063,RIH,NA
4064,J,NA
4065,J,NA
4066,OT,NA
4067,J,NA
4068,OT,NA
4069,A,NA
4070,J,NA
4071,OT,NA
4072,A,NA
4073,J,NA
4074,J,NA
4075,RIH,NA
4076,J,NA
4077,J,NA
4078,J,NA
4079,J,NA
4080,J,NA
4081,J,NA
4082,OT,NA
4083,J,NA
4084,RIH,NA
4085,J,NA
4086,J,NA
4087,A,NA
4088,J,NA
4089,A,NA
4090,J,NA
4091,RIH,NA
4092,J,NA
4093,RIH,NA
4094,J,NA
4095,OT,NA
4096,A,NA
4097,J,NA
4098,OT,NA
4099,J,NA
4100,A,NA
4101,J,NA
4102,J,NA
4103,J,NA
4104,J,NA
4105,J,NA
4106,OT,NA
4107,J,NA
4108,OT,NA
4109,J,NA
4110,RIH,NA
4111,OT,NA
4112,J,NA
4113,RIH,NA
4114,A,NA
4115,J,NA
4116,RIH,NA
4117,OT,NA
4118,A,NA
4119,J,NA
4120,OT,NA
4121,J,NA
4122,OT,NA
4123,A,NA
4124,J,NA
4125,J,NA
4126,J,NA
4127,J,NA
4128,OT,NA
4129,J,NA
4130,OT,NA
4131,J,NA
4132,OT,NA
4133,J,NA
4134,A,NA
4135,J,NA
4136,J,NA
4137,OT,NA
4138,J,NA
4139,OT,NA
4140,J,NA
4141,RIH,NA
4142,J,NA
4143,J,NA
4144,J,NA
4145,RIH,NA
4146,J,NA
4147,J,NA
4148,OT,NA
4149,J,NA
4150,RIH,NA
4151,J,NA
4152,A,NA
4153,J,NA
4154,J,NA
4155,J,NA
4156,J,NA
4157,J,NA
4158,RIH,NA
4159,A,NA
4160,J,NA
4161,OT,NA
4162,J,NA
4163,RIH,NA
4164,OT,NA
4165,J,NA
4166,J,NA
4167,OT,NA
4168,A,NA
4169,J,NA
4170,RIH,NA
4171,OT,NA
4172,J,NA
4173,J,NA
4174,RIH,NA
4175,J,NA
4176,J,NA
4177,RIH,NA
4178,A,NA
4179,J,NA
4180,RIH,NA
4181,J,NA
4182,RIH,NA
4183,J,NA
4184,RIH,NA
4185,OT,NA
4186,J,NA
4187,J,NA
4188,RIH,NA
4189,J,NA
4190,RIH,NA
4191,OT,NA
4192,J,NA
4193,J,NA
4194,OT,NA
4195,J,NA
4196,OT,NA
4197,J,NA
4198,OT,NA
4199,A,NA
4200,J,NA
4201,OT,NA
4202,J,NA
4203,OT,NA
4204,J,NA
4205,RIH,NA
4206,OT,NA
4207,A,NA
4208,J,NA
4209,A,NA
4210,J,NA
4211,RIH,NA
4212,A,NA
4213,J,NA
4214,RIH,NA
4215,J,NA
4216,RIH,NA
4217,OT,NA
4218,J,NA
4219,OT,NA
4220,J,NA
4221,RIH,NA
4222,J,NA
4223,J,NA
4224,J,NA
4225,J,NA
4226,RIH,NA
4227,OT,NA
4228,J,NA
4229,OT,NA
4230,J,NA
4231,OT,NA
4232,J,NA
4233,RIH,NA
4234,A,NA
4235,J,NA
4236,OT,NA
4237,J,NA
4238,OT,NA
4239,J,NA
4240,J,NA
4241,RIH,NA
4242,A,NA
4243,J,NA
4244,RIH,NA
4245,J,NA
4246,RIH,NA
4247,J,NA
4248,RIH,NA
4249,J,NA
4250,RIH,NA
4251,OT,NA
4252,A,NA
4253,J,NA
4254,OT,NA
4255,J,NA
4256,OT,NA
4257,J,NA
4258,RIH,NA
4259,OT,NA
4260,J,NA
4261,J,NA
4262,OT,NA
4263,J,NA
4264,J,NA
4265,RIH,NA
4266,OT,NA
4267,A,NA
4268,J,NA
4269,J,NA
4270,J,NA
4271,J,NA
4272,J,NA
4273,A,NA
4274,J,NA
4275,J,NA
4276,RIH,NA
4277,J,NA
4278,J,NA
4279,J,NA
4280,J,NA
4281,J,NA
4282,RIH,NA
4283,J,NA
4284,OT,NA
4285,A,NA
4286,J,NA
4287,J,NA
4288,A,NA
4289,J,NA
4290,OT,NA
4291,J,NA
4292,OT,NA
4293,J,NA
4294,J,NA
4295,J,NA
4296,RIH,NA
4297,OT,NA
4298,J,NA
4299,OT,NA
4300,J,NA
4301,A,NA
4302,J,NA
4303,J,NA
4304,J,NA
4305,J,NA
4306,OT,NA
4307,J,NA
4308,J,NA
4309,J,NA
4310,OT,NA
4311,J,NA
4312,OT,NA
4313,J,NA
4314,RIH,NA
4315,OT,NA
4316,J,NA
4317,J,NA
4318,OT,NA
4319,J,NA
4320,OT,NA
4321,J,NA
4322,RIH,NA
4323,J,NA
4324,RIH,NA
4325,A,NA
4326,J,NA
4327,OT,NA
4328,J,NA
4329,A,NA
4330,J,NA
4331,J,NA
4332,OT,NA
4333,A,NA
4334,J,NA
4335,OT,NA
4336,J,NA
4337,RIH,NA
4338,OT,NA
4339,J,NA
4340,OT,NA
4341,J,NA
4342,RIH,NA
4343,J,NA
4344,J,NA
4345,RIH,NA
4346,OT,NA
4347,J,NA
4348,OT,NA
4349,A,NA
4350,J,NA
4351,RIH,NA
4352,J,NA
4353,OT,NA
4354,J,NA
4355,J,NA
4356,A,NA
4357,J,NA
4358,A,NA
4359,J,NA
4360,OT,NA
4361,J,NA
4362,J,NA
4363,J,NA
4364,OT,NA
4365,J,NA
4366,RIH,NA
4367,J,NA
4368,A,NA
4369,J,NA
4370,OT,NA
4371,J,NA
4372,A,NA
4373,J,NA
4374,J,NA
4375,RIH,NA
4376,OT,NA
4377,J,NA
4378,OT,NA
4379,A,NA
4380,J,NA
4381,RIH,NA
4382,J,NA
4383,J,NA
4384,J,NA
4385,OT,NA
4386,J,NA
4387,OT,NA
4388,J,NA
4389,A,NA
4390,J,NA
4391,RIH,NA
4392,OT,NA
4393,J,NA
4394,J,NA
4395,J,NA
4396,J,NA
4397,RIH,NA
4398,J,NA
4399,RIH,NA
4400,J,NA
4401,J,NA
4402,OT,NA
4403,J,NA
4404,A,NA
4405,J,NA
4406,J,NA
4407,RIH,NA
4408,J,NA
4409,OT,NA
4410,A,NA
4411,J,NA
4412,RIH,NA
4413,J,NA
4414,RIH,NA
4415,J,NA
4416,J,NA
4417,A,NA
4418,J,NA
4419,RIH,NA
4420,OT,NA
4421,J,NA
4422,J,NA
4423,OT,NA
4424,J,NA
4425,J,NA
4426,RIH,NA
4427,OT,NA
4428,J,NA
4429,RIH,NA
4430,OT,NA
4431,J,NA
4432,J,NA
4433,RIH,NA
4434,OT,NA
4435,J,NA
4436,RIH,NA
4437,J,NA
4438,RIH,NA
4439,OT,NA
4440,J,NA
4441,OT,NA
4442,J,NA
4443,OT,NA
4444,J,NA
4445,J,NA
4446,OT,NA
4447,A,NA
4448,J,NA
4449,OT,NA
4450,J,NA
4451,OT,NA
4452,J,NA
4453,RIH,NA
4454,J,NA
4455,RIH,NA
4456,OT,NA
4457,A,NA
4458,J,NA
4459,J,NA
4460,J,NA
4461,OT,NA
4462,J,NA
4463,OT,NA
4464,A,NA
4465,J,NA
4466,OT,NA
4467,J,NA
4468,OT,NA
4469,J,NA
4470,J,NA
4471,RIH,NA
4472,J,NA
4473,J,NA
4474,RIH,NA
4475,OT,NA
4476,A,NA
4477,J,NA
4478,OT,NA
4479,J,NA
4480,OT,NA
4481,J,NA
4482,OT,NA
4483,J,NA
4484,OT,NA
4485,J,NA
4486,RIH,NA
4487,J,NA
4488,J,NA
4489,RIH,NA
4490,A,NA
4491,J,NA
4492,J,NA
4493,A,NA
4494,J,NA
4495,RIH,NA
4496,J,NA
4497,J,NA
4498,RIH,NA
4499,J,NA
4500,RIH,NA
4501,OT,NA
4502,J,NA
4503,J,NA
4504,J,NA
4505,OT,NA
4506,J,NA
4507,RIH,NA
4508,OT,NA
4509,J,NA
4510,RIH,NA
4511,J,NA
4512,RIH,NA
4513,J,NA
4514,OT,NA
4515,J,NA
4516,OT,NA
4517,A,NA
4518,J,NA
4519,RIH,NA
4520,J,NA
4521,RIH,NA
4522,J,NA
4523,OT,NA
4524,J,NA
4525,A,NA
4526,J,NA
4527,J,NA
4528,RIH,NA
4529,J,NA
4530,OT,NA
4531,J,NA
4532,RIH,NA
4533,J,NA
4534,RIH,NA
4535,J,NA
4536,OT,NA
4537,J,NA
4538,RIH,NA
4539,J,NA
4540,J,NA
4541,RIH,NA
4542,OT,NA
4543,J,NA
4544,J,NA
4545,OT,NA
4546,J,NA
4547,J,NA
4548,J,NA
4549,J,NA
4550,RIH,NA
4551,OT,NA
4552,J,NA
4553,J,NA
4554,RIH,NA
4555,OT,NA
4556,J,NA
4557,J,NA
4558,RIH,NA
4559,OT,NA
4560,A,NA
4561,J,NA
4562,J,NA
4563,J,NA
4564,OT,NA
4565,J,NA
4566,OT,NA
4567,J,NA
4568,OT,NA
4569,J,NA
4570,A,NA
4571,J,NA
4572,J,NA
4573,J,NA
4574,RIH,NA
4575,J,NA
4576,J,NA
4577,RIH,NA
4578,J,NA
4579,J,NA
4580,J,NA
4581,RIH,NA
4582,J,NA
4583,A,NA
4584,J,NA
4585,RIH,NA
4586,J,NA
4587,RIH,NA
4588,A,NA
4589,J,NA
4590,J,NA
4591,A,NA
4592,J,NA
4593,RIH,NA
4594,J,NA
4595,J,NA
4596,OT,NA
4597,J,NA
4598,J,NA
4599,RIH,NA
4600,OT,NA
4601,A,NA
4602,J,NA
4603,RIH,NA
4604,OT,NA
4605,A,NA
4606,J,NA
4607,RIH,NA
4608,J,NA
4609,RIH,NA
4610,OT,NA
4611,J,NA
4612,OT,NA
4613,J,NA
4614,RIH,NA
4615,J,NA
4616,RIH,NA
4617,OT,NA
4618,J,NA
4619,RIH,NA
4620,OT,NA
4621,J,NA
4622,A,NA
4623,J,NA
4624,RIH,NA
4625,J,NA
4626,OT,NA
4627,A,NA
4628,J,NA
4629,OT,NA
4630,J,NA
4631,OT,NA
4632,J,NA
4633,RIH,NA
4634,OT,NA
4635,J,NA
4636,OT,NA
4637,J,NA
4638,J,NA
4639,J,NA
4640,RIH,NA
4641,J,NA
4642,OT,NA
4643,J,NA
4644,J,NA
4645,OT,NA
4646,J,NA
4647,OT,NA
4648,J,NA
4649,OT,NA
4650,J,NA
4651,J,NA
4652,RIH,NA
4653,OT,NA
4654,J,NA
4655,RIH,NA
4656,A,NA
4657,J,NA
4658,RIH,NA
4659,OT,NA
4660,J,NA
4661,OT,NA
4662,J,NA
4663,RIH,NA
4664,J,NA
4665,OT,NA
4666,J,NA
4667,OT,NA
4668,J,NA
4669,J,NA
4670,A,NA
4671,J,NA
4672,J,NA
4673,J,NA
4674,RIH,NA
4675,OT,NA
4676,J,NA
4677,A,NA
4678,J,NA
4679,RIH,NA
4680,J,NA
4681,RIH,NA
4682,J,NA
4683,J,NA
4684,J,NA
4685,RIH,NA
4686,J,NA
4687,RIH,NA
4688,OT,NA
4689,J,NA
4690,A,NA
4691,J,NA
4692,J,NA
4693,OT,NA
4694,J,NA
4695,J,NA
4696,J,NA
4697,OT,NA
4698,A,NA
4699,J,NA
4700,J,NA
4701,J,NA
4702,OT,NA
4703,J,NA
4704,J,NA
4705,A,NA
4706,J,NA
4707,OT,NA
4708,J,NA
4709,J,NA
4710,J,NA
4711,RIH,NA
4712,OT,NA
4713,J,NA
4714,A,NA
4715,J,NA
4716,OT,NA
4717,J,NA
4718,OT,NA
4719,A,NA
4720,J,NA
4721,RIH,NA
4722,OT,NA
4723,J,NA
4724,RIH,NA
4725,OT,NA
4726,J,NA
4727,OT,NA
4728,A,NA
4729,J,NA
4730,J,NA
4731,J,NA
4732,J,NA
4733,OT,NA
4734,A,NA
4735,J,NA
4736,J,NA
4737,J,NA
4738,RIH,NA
4739,OT,NA
4740,J,NA
4741,RIH,NA
4742,OT,NA
4743,J,NA
4744,RIH,NA
4745,J,NA
4746,RIH,NA
4747,OT,NA
4748,J,NA
4749,OT,NA
4750,J,NA
4751,J,NA
4752,J,NA
4753,OT,NA
4754,J,NA
4755,RIH,NA
4756,A,NA
4757,J,NA
4758,A,NA
4759,J,NA
4760,OT,NA
4761,A,NA
4762,J,NA
4763,OT,NA
4764,A,NA
4765,J,NA
4766,OT,NA
4767,J,NA
4768,RIH,NA
4769,J,NA
4770,J,NA
4771,OT,NA
4772,J,NA
4773,J,NA
4774,OT,NA
4775,J,NA
4776,OT,NA
4777,J,NA
4778,J,NA
4779,RIH,NA
4780,J,NA
4781,RIH,NA
4782,J,NA
4783,J,NA
4784,J,NA
4785,RIH,NA
4786,J,NA
4787,RIH,NA
4788,J,NA
4789,J,NA
4790,J,NA
4791,OT,NA
4792,J,NA
4793,RIH,NA
4794,A,NA
4795,J,NA
4796,RIH,NA
4797,A,NA
4798,J,NA
4799,A,NA
4800,J,NA
4801,RIH,NA
4802,A,NA
4803,J,NA
4804,OT,NA
4805,J,NA
4806,J,NA
4807,OT,NA
4808,A,NA
4809,J,NA
4810,J,NA
4811,RIH,NA
4812,J,NA
4813,J,NA
4814,OT,NA
4815,J,NA
4816,RIH,NA
4817,A,NA
4818,J,NA
4819,J,NA
4820,RIH,NA
4821,OT,NA
4822,J,NA
4823,J,NA
4824,RIH,NA
4825,J,NA
4826,J,NA
4827,J,NA
4828,J,NA
4829,OT,NA
4830,J,NA
4831,RIH,NA
4832,A,NA
4833,J,NA
4834,J,NA
4835,J,NA
4836,OT,NA
4837,A,NA
4838,J,NA
4839,J,NA
4840,OT,NA
4841,J,NA
4842,A,NA
4843,J,NA
4844,OT,NA
4845,J,NA
4846,OT,NA
4847,J,NA
4848,OT,NA
4849,J,NA
4850,A,NA
4851,J,NA
4852,OT,NA
4853,A,NA
4854,J,NA
4855,RIH,NA
4856,OT,NA
4857,J,NA
4858,RIH,NA
4859,A,NA
4860,J,NA
4861,J,NA
4862,OT,NA
4863,A,NA
4864,J,NA
4865,J,NA
4866,RIH,NA
4867,J,NA
4868,J,NA
4869,OT,NA
4870,A,NA
4871,J,NA
4872,RIH,NA
4873,J,NA
4874,RIH,NA
4875,A,NA
4876,J,NA
4877,J,NA
4878,OT,NA
4879,J,NA
4880,OT,NA
4881,J,NA
4882,OT,NA
4883,J,NA
4884,OT,NA
4885,J,NA
4886,J,NA
4887,OT,NA
4888,J,NA
4889,J,NA
4890,A,NA
4891,J,NA
4892,J,NA
4893,RIH,NA
4894,J,NA
4895,RIH,NA
4896,J,NA
4897,OT,NA
4898,J,NA
4899,J,NA
4900,RIH,NA
4901,OT,NA
4902,A,NA
4903,J,NA
4904,J,NA
4905,RIH,NA
4906,OT,NA
4907,J,NA
4908,J,NA
4909,OT,NA
4910,J,NA
4911,RIH,NA
4912,OT,NA
4913,J,NA
4914,RIH,NA
4915,J,NA
4916,OT,NA
4917,A,NA
4918,J,NA
4919,J,NA
4920,RIH,NA
4921,J,NA
4922,J,NA
4923,RIH,NA
4924,A,NA
4925,J,NA
4926,A,NA
4927,J,NA
4928,RIH,NA
4929,OT,NA
4930,J,NA
4931,A,NA
4932,J,NA
4933,J,NA
4934,RIH,NA
4935,OT,NA
4936,J,NA
4937,RIH,NA
4938,J,NA
4939,J,NA
4940,OT,NA
4941,A,NA
4942,J,NA
4943,RIH,NA
4944,J,NA
4945,OT,NA
4946,J,NA
4947,RIH,NA
4948,J,NA
4949,J,NA
4950,RIH,NA
4951,OT,NA
4952,J,NA
4953,OT,NA
4954,A,NA
4955,J,NA
4956,OT,NA
4957,J,NA
4958,OT,NA
4959,J,NA
4960,J,NA
4961,A,NA
4962,J,NA
4963,OT,NA
4964,J,NA
4965,OT,NA
4966,J,NA
4967,J,NA
4968,J,NA
4969,J,NA
4970,RIH,NA
4971,J,NA
4972,J,NA
4973,OT,NA
4974,A,NA
4975,J,NA
4976,J,NA
4977,J,NA
4978,OT,NA
4979,J,NA
4980,OT,NA
4981,J,NA
4982,J,NA
4983,J,NA
4984,RIH,NA
4985,J,NA
4986,J,NA
4987,RIH,NA
4988,J,NA
4989,J,NA
4990,OT,NA
4991,J,NA
4992,RIH,NA
4993,J,NA
4994,RIH,NA
4995,J,NA
4996,OT,NA
4997,A,NA
4998,J,NA
4999,J,NA
5000,J,NA
5001,J,NA
5002,RIH,NA
5003,J,NA
5004,J,NA
5005,RIH,NA
5006,A,NA
5007,J,NA
5008,OT,NA
5009,J,NA
5010,OT,NA
5011,A,NA
5012,J,NA
5013,J,NA
5014,OT,NA
5015,J,NA
5016,RIH,NA
5017,J,NA
5018,A,NA
5019,J,NA
5020,RIH,NA
5021,J,NA
5022,OT,NA
5023,J,NA
5024,RIH,NA
5025,J,NA
5026,J,NA
5027,OT,NA
5028,A,NA
5029,J,NA
5030,J,NA
5031,OT,NA
5032,J,NA
5033,RIH,NA
5034,J,NA
5035,RIH,NA
5036,J,NA
5037,RIH,NA
5038,A,NA
5039,J,NA
5040,J,NA
5041,OT,NA
5042,A,NA
5043,J,NA
5044,J,NA
5045,J,NA
5046,OT,NA
5047,J,NA
5048,OT,NA
5049,J,NA
5050,OT,NA
5051,J,NA
5052,OT,NA
5053,J,NA
5054,J,NA
5055,RIH,NA
5056,J,NA
5057,J,NA
5058,OT,NA
5059,A,NA
5060,J,NA
5061,A,NA
5062,J,NA
5063,J,NA
5064,OT,NA
5065,J,NA
5066,RIH,NA
5067,A,NA
5068,J,NA
5069,J,NA
5070,RIH,NA
5071,J,NA
5072,OT,NA
5073,J,NA
5074,J,NA
5075,OT,NA
5076,J,NA
5077,RIH,NA
5078,OT,NA
5079,A,NA
5080,J,NA
5081,RIH,NA
5082,OT,NA
5083,J,NA
5084,J,NA
5085,J,NA
5086,OT,NA
5087,A,NA
5088,J,NA
5089,J,NA
5090,J,NA
5091,RIH,NA
5092,OT,NA
5093,J,NA
5094,RIH,NA
5095,J,NA
5096,OT,NA
5097,J,NA
5098,J,NA
5099,OT,NA
5100,A,NA
5101,J,NA
5102,RIH,NA
5103,J,NA
5104,J,NA
5105,J,NA
5106,RIH,NA
5107,J,NA
5108,RIH,NA
5109,J,NA
5110,J,NA
5111,RIH,NA
5112,OT,NA
5113,A,NA
5114,J,NA
5115,RIH,NA
5116,J,NA
5117,RIH,NA
5118,OT,NA
5119,J,NA
5120,J,NA
5121,A,NA
5122,J,NA
5123,J,NA
5124,OT,NA
5125,J,NA
5126,J,NA
5127,J,NA
5128,RIH,NA
5129,J,NA
5130,J,NA
5131,OT,NA
5132,J,NA
5133,RIH,NA
5134,J,NA
5135,J,NA
5136,OT,NA
5137,J,NA
5138,J,NA
5139,J,NA
5140,RIH,NA
5141,J,NA
5142,A,NA
5143,J,NA
5144,OT,NA
5145,J,NA
5146,OT,NA
5147,A,NA
5148,J,NA
5149,RIH,NA
5150,J,NA
5151,OT,NA
5152,J,NA
5153,OT,NA
5154,J,NA
5155,A,NA
5156,J,NA
5157,A,NA
5158,J,NA
5159,RIH,NA
5160,OT,NA
5161,J,NA
5162,OT,NA
5163,A,NA
5164,J,NA
5165,J,NA
5166,OT,NA
5167,J,NA
5168,OT,NA
5169,J,NA
5170,OT,NA
5171,J,NA
5172,A,NA
5173,J,NA
5174,RIH,NA
5175,J,NA
5176,J,NA
5177,OT,NA
5178,J,NA
5179,J,NA
5180,OT,NA
5181,J,NA
5182,J,NA
5183,OT,NA
5184,A,NA
5185,J,NA
5186,RIH,NA
5187,J,NA
5188,RIH,NA
5189,OT,NA
5190,J,NA
5191,OT,NA
5192,J,NA
5193,OT,NA
5194,J,NA
5195,RIH,NA
5196,OT,NA
5197,A,NA
5198,J,NA
5199,OT,NA
5200,A,NA
5201,J,NA
5202,OT,NA
5203,J,NA
5204,J,NA
5205,J,NA
5206,A,NA
5207,J,NA
5208,J,NA
5209,OT,NA
5210,J,NA
5211,J,NA
5212,J,NA
5213,J,NA
5214,A,NA
5215,J,NA
5216,RIH,NA
5217,J,NA
5218,OT,NA
5219,J,NA
5220,OT,NA
5221,J,NA
5222,OT,NA
5223,J,NA
5224,J,NA
5225,RIH,NA
5226,J,NA
5227,J,NA
5228,RIH,NA
5229,J,NA
5230,J,NA
5231,J,NA
5232,OT,NA
5233,J,NA
5234,OT,NA
5235,J,NA
5236,J,NA
5237,OT,NA
5238,J,NA
5239,RIH,NA
5240,OT,NA
5241,J,NA
5242,RIH,NA
5243,OT,NA
5244,J,NA
5245,RIH,NA
5246,OT,NA
5247,A,NA
5248,J,NA
5249,RIH,NA
5250,OT,NA
5251,J,NA
5252,RIH,NA
5253,J,NA
5254,A,NA
5255,J,NA
5256,OT,NA
5257,J,NA
5258,RIH,NA
5259,OT,NA
5260,J,NA
5261,J,NA
5262,A,NA
5263,J,NA
5264,RIH,NA
5265,J,NA
5266,OT,NA
5267,J,NA
5268,RIH,NA
5269,J,NA
5270,OT,NA
5271,A,NA
5272,J,NA
5273,OT,NA
5274,J,NA
5275,OT,NA
5276,J,NA
5277,J,NA
5278,RIH,NA
5279,J,NA
5280,OT,NA
5281,J,NA
5282,RIH,NA
5283,J,NA
5284,J,NA
5285,A,NA
5286,J,NA
5287,J,NA
5288,RIH,NA
5289,J,NA
5290,OT,NA
5291,J,NA
5292,OT,NA
5293,J,NA
5294,RIH,NA
5295,OT,NA
5296,A,NA
5297,J,NA
5298,J,NA
5299,OT,NA
5300,J,NA
5301,J,NA
5302,RIH,NA
5303,OT,NA
5304,J,NA
5305,RIH,NA
5306,J,NA
5307,RIH,NA
5308,OT,NA
5309,J,NA
5310,J,NA
5311,OT,NA
5312,A,NA
5313,J,NA
5314,RIH,NA
5315,J,NA
5316,RIH,NA
5317,OT,NA
5318,A,NA
5319,J,NA
5320,OT,NA
5321,J,NA
5322,J,NA
5323,RIH,NA
5324,J,NA
5325,J,NA
5326,RIH,NA
5327,J,NA
5328,OT,NA
5329,A,NA
5330,J,NA
5331,RIH,NA
5332,J,NA
5333,OT,NA
5334,A,NA
5335,J,NA
5336,OT,NA
5337,J,NA
5338,RIH,NA
5339,J,NA
5340,RIH,NA
5341,OT,NA
5342,J,NA
5343,OT,NA
5344,J,NA
5345,OT,NA
5346,A,NA
5347,J,NA
5348,OT,NA
5349,J,NA
5350,RIH,NA
5351,J,NA
5352,RIH,NA
5353,J,NA
5354,OT,NA
5355,J,NA
5356,J,NA
5357,OT,NA
5358,J,NA
5359,J,NA
5360,J,NA
5361,RIH,NA
5362,J,NA
5363,OT,NA
5364,A,NA
5365,J,NA
5366,RIH,NA
5367,OT,NA
5368,J,NA
5369,RIH,NA
5370,OT,NA
5371,J,NA
5372,RIH,NA
5373,J,NA
5374,RIH,NA
5375,OT,NA
5376,J,NA
5377,J,NA
5378,RIH,NA
5379,OT,NA
5380,A,NA
5381,J,NA
5382,RIH,NA
5383,OT,NA
5384,J,NA
5385,A,NA
5386,J,NA
5387,RIH,NA
5388,J,NA
5389,J,NA
5390,A,NA
5391,J,NA
5392,RIH,NA
5393,J,NA
5394,OT,NA
5395,A,NA
5396,J,NA
5397,OT,NA
5398,A,NA
5399,J,NA
5400,RIH,NA
5401,OT,NA
5402,J,NA
5403,J,NA
5404,RIH,NA
5405,J,NA
5406,J,NA
5407,RIH,NA
5408,J,NA
5409,OT,NA
5410,A,NA
5411,J,NA
5412,OT,NA
5413,J,NA
5414,RIH,NA
5415,J,NA
5416,RIH,NA
5417,A,NA
5418,J,NA
5419,A,NA
5420,J,NA
5421,J,NA
5422,J,NA
5423,J,NA
5424,RIH,NA
5425,J,NA
5426,RIH,NA
5427,OT,NA
5428,J,NA
5429,J,NA
5430,OT,NA
5431,J,NA
5432,OT,NA
5433,J,NA
5434,OT,NA
5435,J,NA
5436,J,NA
5437,OT,NA
5438,J,NA
5439,OT,NA
5440,J,NA
5441,A,NA
5442,J,NA
5443,OT,NA
5444,J,NA
5445,RIH,NA
5446,OT,NA
5447,J,NA
5448,OT,NA
5449,A,NA
5450,J,NA
5451,OT,NA
5452,A,NA
5453,J,NA
5454,OT,NA
5455,J,NA
5456,OT,NA
5457,J,NA
5458,J,NA
5459,OT,NA
5460,A,NA
5461,J,NA
5462,OT,NA
5463,J,NA
5464,OT,NA
5465,J,NA
5466,RIH,NA
5467,OT,NA
5468,J,NA
5469,J,NA
5470,RIH,NA
5471,J,NA
5472,J,NA
5473,RIH,NA
5474,OT,NA
5475,J,NA
5476,OT,NA
5477,J,NA
5478,OT,NA
5479,J,NA
5480,OT,NA
5481,J,NA
5482,RIH,NA
5483,OT,NA
5484,J,NA
5485,J,NA
5486,OT,NA
5487,J,NA
5488,J,NA
5489,RIH,NA
5490,OT,NA
5491,J,NA
5492,OT,NA
5493,J,NA
5494,OT,NA
5495,J,NA
5496,J,NA
5497,RIH,NA
5498,J,NA
5499,OT,NA
5500,J,NA
5501,OT,NA
5502,J,NA
5503,J,NA
5504,OT,NA
5505,J,NA
5506,A,NA
5507,J,NA
5508,RIH,NA
5509,J,NA
5510,OT,NA
5511,J,NA
5512,RIH,NA
5513,OT,NA
5514,J,NA
5515,RIH,NA
5516,OT,NA
5517,J,NA
5518,RIH,NA
5519,J,NA
5520,OT,NA
5521,A,NA
5522,J,NA
5523,OT,NA
5524,J,NA
5525,OT,NA
5526,J,NA
5527,RIH,NA
5528,OT,NA
5529,J,NA
5530,J,NA
5531,RIH,NA
5532,J,NA
5533,RIH,NA
5534,J,NA
5535,RIH,NA
5536,OT,NA
5537,A,NA
5538,J,NA
5539,OT,NA
5540,J,NA
5541,OT,NA
5542,J,NA
5543,J,NA
5544,OT,NA
5545,J,NA
5546,A,NA
5547,J,NA
5548,OT,NA
5549,J,NA
5550,OT,NA
5551,J,NA
5552,A,NA
5553,J,NA
5554,OT,NA
5555,J,NA
5556,RIH,NA
5557,OT,NA
5558,A,NA
5559,J,NA
5560,OT,NA
5561,J,NA
5562,A,NA
5563,J,NA
5564,J,NA
5565,OT,NA
5566,A,NA
5567,J,NA
5568,OT,NA
5569,J,NA
5570,A,NA
5571,J,NA
5572,J,NA
5573,J,NA
5574,OT,NA
5575,J,NA
5576,J,NA
5577,RIH,NA
5578,OT,NA
5579,A,NA
5580,J,NA
5581,RIH,NA
5582,J,NA
5583,RIH,NA
5584,OT,NA
5585,J,NA
5586,RIH,NA
5587,J,NA
5588,OT,NA
5589,J,NA
5590,RIH,NA
5591,OT,NA
5592,J,NA
5593,RIH,NA
5594,A,NA
5595,J,NA
5596,J,NA
5597,OT,NA
5598,J,NA
5599,J,NA
5600,OT,NA
5601,J,NA
5602,RIH,NA
5603,OT,NA
5604,J,NA
5605,OT,NA
5606,J,NA
5607,OT,NA
5608,J,NA
5609,RIH,NA
5610,J,NA
5611,OT,NA
5612,J,NA
5613,J,NA
5614,RIH,NA
5615,J,NA
5616,RIH,NA
5617,OT,NA
5618,J,NA
5619,RIH,NA
5620,OT,NA
5621,J,NA
5622,A,NA
5623,J,NA
5624,RIH,NA
5625,OT,NA
5626,J,NA
5627,OT,NA
5628,J,NA
5629,OT,NA
5630,J,NA
5631,J,NA
5632,J,NA
5633,OT,NA
5634,A,NA
5635,J,NA
5636,OT,NA
5637,A,NA
5638,J,NA
5639,RIH,NA
5640,OT,NA
5641,J,NA
5642,J,NA
5643,RIH,NA
5644,OT,NA
5645,J,NA
5646,OT,NA
5647,J,NA
5648,RIH,NA
5649,A,NA
5650,J,NA
5651,OT,NA
5652,J,NA
5653,J,NA
5654,OT,NA
5655,J,NA
5656,J,NA
5657,RIH,NA
5658,OT,NA
